wind_farm,fac_id,deliv,prov
0,"(1, 1) AB",0.0,AB
0,"(1, 2) AB",0.0,AB
0,"(1, 3) AB",0.0,AB
0,"(2, 1) AB",0.0,AB
0,"(2, 2) AB",0.0,AB
0,"(2, 3) AB",0.0,AB
0,"(3, 1) AB",0.0,AB
0,"(3, 2) AB",0.0,AB
0,"(3, 3) AB",0.0,AB
0,"(4, 1) AB",0.0,AB
0,"(4, 2) AB",0.0,AB
0,"(4, 3) AB",1.0,AB
1,"(1, 1) AB",0.0,AB
1,"(1, 2) AB",0.0,AB
1,"(1, 3) AB",0.0,AB
1,"(2, 1) AB",0.0,AB
1,"(2, 2) AB",0.0,AB
1,"(2, 3) AB",1.0,AB
1,"(3, 1) AB",0.0,AB
1,"(3, 2) AB",0.0,AB
1,"(3, 3) AB",0.0,AB
1,"(4, 1) AB",0.0,AB
1,"(4, 2) AB",0.0,AB
1,"(4, 3) AB",0.0,AB
2,"(1, 1) AB",0.0,AB
2,"(1, 2) AB",0.0,AB
2,"(1, 3) AB",0.0,AB
2,"(2, 1) AB",0.0,AB
2,"(2, 2) AB",0.0,AB
2,"(2, 3) AB",0.0,AB
2,"(3, 1) AB",0.0,AB
2,"(3, 2) AB",0.0,AB
2,"(3, 3) AB",0.0,AB
2,"(4, 1) AB",0.0,AB
2,"(4, 2) AB",0.0,AB
2,"(4, 3) AB",1.0,AB
3,"(1, 1) AB",0.0,AB
3,"(1, 2) AB",0.0,AB
3,"(1, 3) AB",0.0,AB
3,"(2, 1) AB",0.0,AB
3,"(2, 2) AB",0.0,AB
3,"(2, 3) AB",1.0,AB
3,"(3, 1) AB",0.0,AB
3,"(3, 2) AB",0.0,AB
3,"(3, 3) AB",0.0,AB
3,"(4, 1) AB",0.0,AB
3,"(4, 2) AB",0.0,AB
3,"(4, 3) AB",0.0,AB
4,"(1, 1) AB",0.0,AB
4,"(1, 2) AB",0.0,AB
4,"(1, 3) AB",0.0,AB
4,"(2, 1) AB",0.0,AB
4,"(2, 2) AB",0.0,AB
4,"(2, 3) AB",0.0,AB
4,"(3, 1) AB",0.0,AB
4,"(3, 2) AB",0.0,AB
4,"(3, 3) AB",1.0,AB
4,"(4, 1) AB",0.0,AB
4,"(4, 2) AB",0.0,AB
4,"(4, 3) AB",0.0,AB
5,"(1, 1) AB",0.0,AB
5,"(1, 2) AB",0.0,AB
5,"(1, 3) AB",0.0,AB
5,"(2, 1) AB",0.0,AB
5,"(2, 2) AB",0.0,AB
5,"(2, 3) AB",0.0,AB
5,"(3, 1) AB",0.0,AB
5,"(3, 2) AB",0.0,AB
5,"(3, 3) AB",0.0,AB
5,"(4, 1) AB",0.0,AB
5,"(4, 2) AB",0.0,AB
5,"(4, 3) AB",1.0,AB
6,"(1, 1) AB",0.0,AB
6,"(1, 2) AB",0.0,AB
6,"(1, 3) AB",0.0,AB
6,"(2, 1) AB",0.0,AB
6,"(2, 2) AB",0.0,AB
6,"(2, 3) AB",0.0,AB
6,"(3, 1) AB",0.0,AB
6,"(3, 2) AB",0.0,AB
6,"(3, 3) AB",0.0,AB
6,"(4, 1) AB",0.0,AB
6,"(4, 2) AB",0.0,AB
6,"(4, 3) AB",1.0,AB
7,"(1, 1) AB",0.0,AB
7,"(1, 2) AB",0.0,AB
7,"(1, 3) AB",0.0,AB
7,"(2, 1) AB",0.0,AB
7,"(2, 2) AB",0.0,AB
7,"(2, 3) AB",0.0,AB
7,"(3, 1) AB",0.0,AB
7,"(3, 2) AB",0.0,AB
7,"(3, 3) AB",0.0,AB
7,"(4, 1) AB",0.0,AB
7,"(4, 2) AB",0.0,AB
7,"(4, 3) AB",1.0,AB
8,"(1, 1) AB",0.0,AB
8,"(1, 2) AB",0.0,AB
8,"(1, 3) AB",0.0,AB
8,"(2, 1) AB",0.0,AB
8,"(2, 2) AB",0.0,AB
8,"(2, 3) AB",0.0,AB
8,"(3, 1) AB",0.0,AB
8,"(3, 2) AB",0.0,AB
8,"(3, 3) AB",0.0,AB
8,"(4, 1) AB",0.0,AB
8,"(4, 2) AB",0.0,AB
8,"(4, 3) AB",1.0,AB
9,"(1, 1) AB",0.0,AB
9,"(1, 2) AB",0.0,AB
9,"(1, 3) AB",0.0,AB
9,"(2, 1) AB",0.0,AB
9,"(2, 2) AB",0.0,AB
9,"(2, 3) AB",1.0,AB
9,"(3, 1) AB",0.0,AB
9,"(3, 2) AB",0.0,AB
9,"(3, 3) AB",0.0,AB
9,"(4, 1) AB",0.0,AB
9,"(4, 2) AB",0.0,AB
9,"(4, 3) AB",0.0,AB
10,"(1, 1) AB",0.0,AB
10,"(1, 2) AB",0.0,AB
10,"(1, 3) AB",0.0,AB
10,"(2, 1) AB",0.0,AB
10,"(2, 2) AB",0.0,AB
10,"(2, 3) AB",0.0,AB
10,"(3, 1) AB",0.0,AB
10,"(3, 2) AB",0.0,AB
10,"(3, 3) AB",0.0,AB
10,"(4, 1) AB",0.0,AB
10,"(4, 2) AB",0.0,AB
10,"(4, 3) AB",1.0,AB
11,"(1, 1) AB",0.0,AB
11,"(1, 2) AB",0.0,AB
11,"(1, 3) AB",0.0,AB
11,"(2, 1) AB",0.0,AB
11,"(2, 2) AB",0.0,AB
11,"(2, 3) AB",0.0,AB
11,"(3, 1) AB",0.0,AB
11,"(3, 2) AB",0.0,AB
11,"(3, 3) AB",0.0,AB
11,"(4, 1) AB",0.0,AB
11,"(4, 2) AB",0.0,AB
11,"(4, 3) AB",1.0,AB
12,"(1, 1) AB",0.0,AB
12,"(1, 2) AB",0.0,AB
12,"(1, 3) AB",0.0,AB
12,"(2, 1) AB",0.0,AB
12,"(2, 2) AB",0.0,AB
12,"(2, 3) AB",0.0,AB
12,"(3, 1) AB",0.0,AB
12,"(3, 2) AB",0.0,AB
12,"(3, 3) AB",1.0,AB
12,"(4, 1) AB",0.0,AB
12,"(4, 2) AB",0.0,AB
12,"(4, 3) AB",0.0,AB
13,"(1, 1) AB",0.0,AB
13,"(1, 2) AB",0.0,AB
13,"(1, 3) AB",0.0,AB
13,"(2, 1) AB",0.0,AB
13,"(2, 2) AB",0.0,AB
13,"(2, 3) AB",0.0,AB
13,"(3, 1) AB",0.0,AB
13,"(3, 2) AB",0.0,AB
13,"(3, 3) AB",1.0,AB
13,"(4, 1) AB",0.0,AB
13,"(4, 2) AB",0.0,AB
13,"(4, 3) AB",0.0,AB
14,"(1, 1) AB",0.0,AB
14,"(1, 2) AB",0.0,AB
14,"(1, 3) AB",0.0,AB
14,"(2, 1) AB",0.0,AB
14,"(2, 2) AB",0.0,AB
14,"(2, 3) AB",0.0,AB
14,"(3, 1) AB",0.0,AB
14,"(3, 2) AB",0.0,AB
14,"(3, 3) AB",0.0,AB
14,"(4, 1) AB",0.0,AB
14,"(4, 2) AB",0.0,AB
14,"(4, 3) AB",1.0,AB
15,"(1, 1) AB",0.0,AB
15,"(1, 2) AB",0.0,AB
15,"(1, 3) AB",0.0,AB
15,"(2, 1) AB",0.0,AB
15,"(2, 2) AB",0.0,AB
15,"(2, 3) AB",0.0,AB
15,"(3, 1) AB",0.0,AB
15,"(3, 2) AB",0.0,AB
15,"(3, 3) AB",0.0,AB
15,"(4, 1) AB",0.0,AB
15,"(4, 2) AB",0.0,AB
15,"(4, 3) AB",1.0,AB
16,"(1, 1) AB",0.0,AB
16,"(1, 2) AB",0.0,AB
16,"(1, 3) AB",0.0,AB
16,"(2, 1) AB",0.0,AB
16,"(2, 2) AB",0.0,AB
16,"(2, 3) AB",0.0,AB
16,"(3, 1) AB",0.0,AB
16,"(3, 2) AB",0.0,AB
16,"(3, 3) AB",0.0,AB
16,"(4, 1) AB",0.0,AB
16,"(4, 2) AB",0.0,AB
16,"(4, 3) AB",1.0,AB
17,"(1, 1) AB",0.0,AB
17,"(1, 2) AB",0.0,AB
17,"(1, 3) AB",0.0,AB
17,"(2, 1) AB",0.0,AB
17,"(2, 2) AB",0.0,AB
17,"(2, 3) AB",0.0,AB
17,"(3, 1) AB",0.0,AB
17,"(3, 2) AB",0.0,AB
17,"(3, 3) AB",0.0,AB
17,"(4, 1) AB",0.0,AB
17,"(4, 2) AB",0.0,AB
17,"(4, 3) AB",1.0,AB
18,"(1, 1) AB",0.0,AB
18,"(1, 2) AB",0.0,AB
18,"(1, 3) AB",0.0,AB
18,"(2, 1) AB",0.0,AB
18,"(2, 2) AB",0.0,AB
18,"(2, 3) AB",1.0,AB
18,"(3, 1) AB",0.0,AB
18,"(3, 2) AB",0.0,AB
18,"(3, 3) AB",0.0,AB
18,"(4, 1) AB",0.0,AB
18,"(4, 2) AB",0.0,AB
18,"(4, 3) AB",0.0,AB
19,"(1, 1) AB",0.0,AB
19,"(1, 2) AB",0.0,AB
19,"(1, 3) AB",0.0,AB
19,"(2, 1) AB",0.0,AB
19,"(2, 2) AB",0.0,AB
19,"(2, 3) AB",0.0,AB
19,"(3, 1) AB",0.0,AB
19,"(3, 2) AB",0.0,AB
19,"(3, 3) AB",0.0,AB
19,"(4, 1) AB",0.0,AB
19,"(4, 2) AB",0.0,AB
19,"(4, 3) AB",1.0,AB
20,"(1, 1) AB",0.0,AB
20,"(1, 2) AB",0.0,AB
20,"(1, 3) AB",0.0,AB
20,"(2, 1) AB",0.0,AB
20,"(2, 2) AB",0.0,AB
20,"(2, 3) AB",0.0,AB
20,"(3, 1) AB",0.0,AB
20,"(3, 2) AB",0.0,AB
20,"(3, 3) AB",0.0,AB
20,"(4, 1) AB",0.0,AB
20,"(4, 2) AB",0.0,AB
20,"(4, 3) AB",1.0,AB
21,"(1, 1) AB",0.0,AB
21,"(1, 2) AB",0.0,AB
21,"(1, 3) AB",0.0,AB
21,"(2, 1) AB",0.0,AB
21,"(2, 2) AB",0.0,AB
21,"(2, 3) AB",0.0,AB
21,"(3, 1) AB",0.0,AB
21,"(3, 2) AB",0.0,AB
21,"(3, 3) AB",0.0,AB
21,"(4, 1) AB",0.0,AB
21,"(4, 2) AB",0.0,AB
21,"(4, 3) AB",1.0,AB
22,"(1, 1) AB",0.0,AB
22,"(1, 2) AB",0.0,AB
22,"(1, 3) AB",0.0,AB
22,"(2, 1) AB",0.0,AB
22,"(2, 2) AB",0.0,AB
22,"(2, 3) AB",0.0,AB
22,"(3, 1) AB",0.0,AB
22,"(3, 2) AB",0.0,AB
22,"(3, 3) AB",0.0,AB
22,"(4, 1) AB",0.0,AB
22,"(4, 2) AB",0.0,AB
22,"(4, 3) AB",1.0,AB
23,"(1, 1) AB",0.0,AB
23,"(1, 2) AB",0.0,AB
23,"(1, 3) AB",0.0,AB
23,"(2, 1) AB",0.0,AB
23,"(2, 2) AB",0.0,AB
23,"(2, 3) AB",0.0,AB
23,"(3, 1) AB",0.0,AB
23,"(3, 2) AB",0.0,AB
23,"(3, 3) AB",0.0,AB
23,"(4, 1) AB",0.0,AB
23,"(4, 2) AB",0.0,AB
23,"(4, 3) AB",1.0,AB
24,"(1, 1) AB",0.0,AB
24,"(1, 2) AB",0.0,AB
24,"(1, 3) AB",0.0,AB
24,"(2, 1) AB",0.0,AB
24,"(2, 2) AB",0.0,AB
24,"(2, 3) AB",0.0,AB
24,"(3, 1) AB",0.0,AB
24,"(3, 2) AB",0.0,AB
24,"(3, 3) AB",0.0,AB
24,"(4, 1) AB",0.0,AB
24,"(4, 2) AB",0.0,AB
24,"(4, 3) AB",1.0,AB
25,"(1, 1) AB",0.0,AB
25,"(1, 2) AB",0.0,AB
25,"(1, 3) AB",0.0,AB
25,"(2, 1) AB",0.0,AB
25,"(2, 2) AB",0.0,AB
25,"(2, 3) AB",0.0,AB
25,"(3, 1) AB",0.0,AB
25,"(3, 2) AB",0.0,AB
25,"(3, 3) AB",0.0,AB
25,"(4, 1) AB",0.0,AB
25,"(4, 2) AB",0.0,AB
25,"(4, 3) AB",1.0,AB
26,"(1, 1) AB",0.0,AB
26,"(1, 2) AB",0.0,AB
26,"(1, 3) AB",0.0,AB
26,"(2, 1) AB",0.0,AB
26,"(2, 2) AB",0.0,AB
26,"(2, 3) AB",0.0,AB
26,"(3, 1) AB",0.0,AB
26,"(3, 2) AB",0.0,AB
26,"(3, 3) AB",0.0,AB
26,"(4, 1) AB",0.0,AB
26,"(4, 2) AB",0.0,AB
26,"(4, 3) AB",1.0,AB
27,"(1, 1) AB",0.0,AB
27,"(1, 2) AB",0.0,AB
27,"(1, 3) AB",0.0,AB
27,"(2, 1) AB",0.0,AB
27,"(2, 2) AB",0.0,AB
27,"(2, 3) AB",0.0,AB
27,"(3, 1) AB",0.0,AB
27,"(3, 2) AB",0.0,AB
27,"(3, 3) AB",0.0,AB
27,"(4, 1) AB",0.0,AB
27,"(4, 2) AB",0.0,AB
27,"(4, 3) AB",1.0,AB
28,"(1, 1) AB",0.0,AB
28,"(1, 2) AB",0.0,AB
28,"(1, 3) AB",0.0,AB
28,"(2, 1) AB",0.0,AB
28,"(2, 2) AB",0.0,AB
28,"(2, 3) AB",0.0,AB
28,"(3, 1) AB",0.0,AB
28,"(3, 2) AB",0.0,AB
28,"(3, 3) AB",0.0,AB
28,"(4, 1) AB",0.0,AB
28,"(4, 2) AB",0.0,AB
28,"(4, 3) AB",1.0,AB
29,"(1, 1) AB",0.0,AB
29,"(1, 2) AB",0.0,AB
29,"(1, 3) AB",0.0,AB
29,"(2, 1) AB",0.0,AB
29,"(2, 2) AB",0.0,AB
29,"(2, 3) AB",0.0,AB
29,"(3, 1) AB",0.0,AB
29,"(3, 2) AB",0.0,AB
29,"(3, 3) AB",0.0,AB
29,"(4, 1) AB",0.0,AB
29,"(4, 2) AB",0.0,AB
29,"(4, 3) AB",1.0,AB
30,"(1, 1) AB",0.0,AB
30,"(1, 2) AB",0.0,AB
30,"(1, 3) AB",0.0,AB
30,"(2, 1) AB",0.0,AB
30,"(2, 2) AB",0.0,AB
30,"(2, 3) AB",1.0,AB
30,"(3, 1) AB",0.0,AB
30,"(3, 2) AB",0.0,AB
30,"(3, 3) AB",0.0,AB
30,"(4, 1) AB",0.0,AB
30,"(4, 2) AB",0.0,AB
30,"(4, 3) AB",0.0,AB
31,"(1, 1) AB",0.0,AB
31,"(1, 2) AB",0.0,AB
31,"(1, 3) AB",0.0,AB
31,"(2, 1) AB",0.0,AB
31,"(2, 2) AB",0.0,AB
31,"(2, 3) AB",1.0,AB
31,"(3, 1) AB",0.0,AB
31,"(3, 2) AB",0.0,AB
31,"(3, 3) AB",0.0,AB
31,"(4, 1) AB",0.0,AB
31,"(4, 2) AB",0.0,AB
31,"(4, 3) AB",0.0,AB
32,"(1, 1) AB",0.0,AB
32,"(1, 2) AB",0.0,AB
32,"(1, 3) AB",0.0,AB
32,"(2, 1) AB",0.0,AB
32,"(2, 2) AB",0.0,AB
32,"(2, 3) AB",0.0,AB
32,"(3, 1) AB",0.0,AB
32,"(3, 2) AB",0.0,AB
32,"(3, 3) AB",0.0,AB
32,"(4, 1) AB",0.0,AB
32,"(4, 2) AB",0.0,AB
32,"(4, 3) AB",1.0,AB
33,"(1, 1) AB",0.0,AB
33,"(1, 2) AB",0.0,AB
33,"(1, 3) AB",0.0,AB
33,"(2, 1) AB",0.0,AB
33,"(2, 2) AB",0.0,AB
33,"(2, 3) AB",0.0,AB
33,"(3, 1) AB",0.0,AB
33,"(3, 2) AB",0.0,AB
33,"(3, 3) AB",0.0,AB
33,"(4, 1) AB",0.0,AB
33,"(4, 2) AB",0.0,AB
33,"(4, 3) AB",1.0,AB
34,"(1, 1) AB",0.0,AB
34,"(1, 2) AB",0.0,AB
34,"(1, 3) AB",0.0,AB
34,"(2, 1) AB",0.0,AB
34,"(2, 2) AB",0.0,AB
34,"(2, 3) AB",0.0,AB
34,"(3, 1) AB",0.0,AB
34,"(3, 2) AB",0.0,AB
34,"(3, 3) AB",0.0,AB
34,"(4, 1) AB",0.0,AB
34,"(4, 2) AB",0.0,AB
34,"(4, 3) AB",1.0,AB
35,"(1, 1) AB",0.0,AB
35,"(1, 2) AB",0.0,AB
35,"(1, 3) AB",0.0,AB
35,"(2, 1) AB",0.0,AB
35,"(2, 2) AB",0.0,AB
35,"(2, 3) AB",0.0,AB
35,"(3, 1) AB",0.0,AB
35,"(3, 2) AB",0.0,AB
35,"(3, 3) AB",0.0,AB
35,"(4, 1) AB",0.0,AB
35,"(4, 2) AB",0.0,AB
35,"(4, 3) AB",1.0,AB
36,"(1, 1) AB",0.0,AB
36,"(1, 2) AB",0.0,AB
36,"(1, 3) AB",0.0,AB
36,"(2, 1) AB",0.0,AB
36,"(2, 2) AB",0.0,AB
36,"(2, 3) AB",0.0,AB
36,"(3, 1) AB",0.0,AB
36,"(3, 2) AB",0.0,AB
36,"(3, 3) AB",0.0,AB
36,"(4, 1) AB",0.0,AB
36,"(4, 2) AB",0.0,AB
36,"(4, 3) AB",1.0,AB
37,"(1, 1) AB",0.0,AB
37,"(1, 2) AB",0.0,AB
37,"(1, 3) AB",0.0,AB
37,"(2, 1) AB",0.0,AB
37,"(2, 2) AB",0.0,AB
37,"(2, 3) AB",0.0,AB
37,"(3, 1) AB",0.0,AB
37,"(3, 2) AB",0.0,AB
37,"(3, 3) AB",0.0,AB
37,"(4, 1) AB",0.0,AB
37,"(4, 2) AB",0.0,AB
37,"(4, 3) AB",1.0,AB
38,"(1, 1) AB",0.0,AB
38,"(1, 2) AB",0.0,AB
38,"(1, 3) AB",0.0,AB
38,"(2, 1) AB",0.0,AB
38,"(2, 2) AB",0.0,AB
38,"(2, 3) AB",1.0,AB
38,"(3, 1) AB",0.0,AB
38,"(3, 2) AB",0.0,AB
38,"(3, 3) AB",0.0,AB
38,"(4, 1) AB",0.0,AB
38,"(4, 2) AB",0.0,AB
38,"(4, 3) AB",0.0,AB
39,"(1, 1) AB",0.0,AB
39,"(1, 2) AB",0.0,AB
39,"(1, 3) AB",0.0,AB
39,"(2, 1) AB",0.0,AB
39,"(2, 2) AB",0.0,AB
39,"(2, 3) AB",0.0,AB
39,"(3, 1) AB",0.0,AB
39,"(3, 2) AB",0.0,AB
39,"(3, 3) AB",0.0,AB
39,"(4, 1) AB",0.0,AB
39,"(4, 2) AB",0.0,AB
39,"(4, 3) AB",1.0,AB
40,"(1, 1) AB",0.0,AB
40,"(1, 2) AB",0.0,AB
40,"(1, 3) AB",0.0,AB
40,"(2, 1) AB",0.0,AB
40,"(2, 2) AB",0.0,AB
40,"(2, 3) AB",1.0,AB
40,"(3, 1) AB",0.0,AB
40,"(3, 2) AB",0.0,AB
40,"(3, 3) AB",0.0,AB
40,"(4, 1) AB",0.0,AB
40,"(4, 2) AB",0.0,AB
40,"(4, 3) AB",0.0,AB
41,"(1, 1) BC",0.0,BC
41,"(1, 2) BC",0.0,BC
41,"(1, 3) BC",0.0,BC
41,"(2, 1) BC",0.0,BC
41,"(2, 2) BC",0.0,BC
41,"(2, 3) BC",0.0,BC
41,"(3, 1) BC",0.0,BC
41,"(3, 2) BC",0.0,BC
41,"(3, 3) BC",1.0,BC
41,"(4, 1) BC",0.0,BC
41,"(4, 2) BC",0.0,BC
41,"(4, 3) BC",0.0,BC
42,"(1, 1) BC",0.0,BC
42,"(1, 2) BC",0.0,BC
42,"(1, 3) BC",0.0,BC
42,"(2, 1) BC",0.0,BC
42,"(2, 2) BC",0.0,BC
42,"(2, 3) BC",1.0,BC
42,"(3, 1) BC",0.0,BC
42,"(3, 2) BC",0.0,BC
42,"(3, 3) BC",0.0,BC
42,"(4, 1) BC",0.0,BC
42,"(4, 2) BC",0.0,BC
42,"(4, 3) BC",0.0,BC
43,"(1, 1) BC",0.0,BC
43,"(1, 2) BC",0.0,BC
43,"(1, 3) BC",0.0,BC
43,"(2, 1) BC",0.0,BC
43,"(2, 2) BC",0.0,BC
43,"(2, 3) BC",0.0,BC
43,"(3, 1) BC",0.0,BC
43,"(3, 2) BC",0.0,BC
43,"(3, 3) BC",1.0,BC
43,"(4, 1) BC",0.0,BC
43,"(4, 2) BC",0.0,BC
43,"(4, 3) BC",0.0,BC
44,"(1, 1) BC",0.0,BC
44,"(1, 2) BC",0.0,BC
44,"(1, 3) BC",0.0,BC
44,"(2, 1) BC",0.0,BC
44,"(2, 2) BC",0.0,BC
44,"(2, 3) BC",0.0,BC
44,"(3, 1) BC",0.0,BC
44,"(3, 2) BC",0.0,BC
44,"(3, 3) BC",1.0,BC
44,"(4, 1) BC",0.0,BC
44,"(4, 2) BC",0.0,BC
44,"(4, 3) BC",0.0,BC
45,"(1, 1) BC",0.0,BC
45,"(1, 2) BC",0.0,BC
45,"(1, 3) BC",0.0,BC
45,"(2, 1) BC",0.0,BC
45,"(2, 2) BC",0.0,BC
45,"(2, 3) BC",0.0,BC
45,"(3, 1) BC",0.0,BC
45,"(3, 2) BC",0.0,BC
45,"(3, 3) BC",1.0,BC
45,"(4, 1) BC",0.0,BC
45,"(4, 2) BC",0.0,BC
45,"(4, 3) BC",0.0,BC
46,"(1, 1) BC",0.0,BC
46,"(1, 2) BC",0.0,BC
46,"(1, 3) BC",0.0,BC
46,"(2, 1) BC",0.0,BC
46,"(2, 2) BC",0.0,BC
46,"(2, 3) BC",0.0,BC
46,"(3, 1) BC",0.0,BC
46,"(3, 2) BC",0.0,BC
46,"(3, 3) BC",1.0,BC
46,"(4, 1) BC",0.0,BC
46,"(4, 2) BC",0.0,BC
46,"(4, 3) BC",0.0,BC
47,"(1, 1) BC",0.0,BC
47,"(1, 2) BC",0.0,BC
47,"(1, 3) BC",0.0,BC
47,"(2, 1) BC",0.0,BC
47,"(2, 2) BC",0.0,BC
47,"(2, 3) BC",0.0,BC
47,"(3, 1) BC",0.0,BC
47,"(3, 2) BC",0.0,BC
47,"(3, 3) BC",1.0,BC
47,"(4, 1) BC",0.0,BC
47,"(4, 2) BC",0.0,BC
47,"(4, 3) BC",0.0,BC
48,"(1, 1) BC",0.0,BC
48,"(1, 2) BC",0.0,BC
48,"(1, 3) BC",0.0,BC
48,"(2, 1) BC",0.0,BC
48,"(2, 2) BC",0.0,BC
48,"(2, 3) BC",0.0,BC
48,"(3, 1) BC",0.0,BC
48,"(3, 2) BC",0.0,BC
48,"(3, 3) BC",1.0,BC
48,"(4, 1) BC",0.0,BC
48,"(4, 2) BC",0.0,BC
48,"(4, 3) BC",0.0,BC
49,"(1, 1) BC",0.0,BC
49,"(1, 2) BC",0.0,BC
49,"(1, 3) BC",0.0,BC
49,"(2, 1) BC",0.0,BC
49,"(2, 2) BC",0.0,BC
49,"(2, 3) BC",0.0,BC
49,"(3, 1) BC",0.0,BC
49,"(3, 2) BC",0.0,BC
49,"(3, 3) BC",1.0,BC
49,"(4, 1) BC",0.0,BC
49,"(4, 2) BC",0.0,BC
49,"(4, 3) BC",0.0,BC
50,"(1, 1) BC",0.0,BC
50,"(1, 2) BC",0.0,BC
50,"(1, 3) BC",0.0,BC
50,"(2, 1) BC",0.0,BC
50,"(2, 2) BC",0.0,BC
50,"(2, 3) BC",0.0,BC
50,"(3, 1) BC",0.0,BC
50,"(3, 2) BC",0.0,BC
50,"(3, 3) BC",1.0,BC
50,"(4, 1) BC",0.0,BC
50,"(4, 2) BC",0.0,BC
50,"(4, 3) BC",0.0,BC
51,"(1, 1) BC",0.0,BC
51,"(1, 2) BC",0.0,BC
51,"(1, 3) BC",0.0,BC
51,"(2, 1) BC",0.0,BC
51,"(2, 2) BC",0.0,BC
51,"(2, 3) BC",1.0,BC
51,"(3, 1) BC",0.0,BC
51,"(3, 2) BC",0.0,BC
51,"(3, 3) BC",0.0,BC
51,"(4, 1) BC",0.0,BC
51,"(4, 2) BC",0.0,BC
51,"(4, 3) BC",0.0,BC
52,"(1, 1) MB",0.0,MB
52,"(1, 2) MB",0.0,MB
52,"(1, 3) MB",1.0,MB
52,"(2, 1) MB",0.0,MB
52,"(2, 2) MB",0.0,MB
52,"(2, 3) MB",0.0,MB
52,"(3, 1) MB",0.0,MB
52,"(3, 2) MB",0.0,MB
52,"(3, 3) MB",0.0,MB
52,"(4, 1) MB",0.0,MB
52,"(4, 2) MB",0.0,MB
52,"(4, 3) MB",0.0,MB
53,"(1, 1) MB",0.0,MB
53,"(1, 2) MB",0.0,MB
53,"(1, 3) MB",1.0,MB
53,"(2, 1) MB",0.0,MB
53,"(2, 2) MB",0.0,MB
53,"(2, 3) MB",0.0,MB
53,"(3, 1) MB",0.0,MB
53,"(3, 2) MB",0.0,MB
53,"(3, 3) MB",0.0,MB
53,"(4, 1) MB",0.0,MB
53,"(4, 2) MB",0.0,MB
53,"(4, 3) MB",0.0,MB
54,"(1, 1) MB",0.0,MB
54,"(1, 2) MB",0.0,MB
54,"(1, 3) MB",1.0,MB
54,"(2, 1) MB",0.0,MB
54,"(2, 2) MB",0.0,MB
54,"(2, 3) MB",0.0,MB
54,"(3, 1) MB",0.0,MB
54,"(3, 2) MB",0.0,MB
54,"(3, 3) MB",0.0,MB
54,"(4, 1) MB",0.0,MB
54,"(4, 2) MB",0.0,MB
54,"(4, 3) MB",0.0,MB
55,"(1, 1) MB",0.0,MB
55,"(1, 2) MB",0.0,MB
55,"(1, 3) MB",1.0,MB
55,"(2, 1) MB",0.0,MB
55,"(2, 2) MB",0.0,MB
55,"(2, 3) MB",0.0,MB
55,"(3, 1) MB",0.0,MB
55,"(3, 2) MB",0.0,MB
55,"(3, 3) MB",0.0,MB
55,"(4, 1) MB",0.0,MB
55,"(4, 2) MB",0.0,MB
55,"(4, 3) MB",0.0,MB
56,"(1, 1) NB",0.0,NB
56,"(1, 2) NB",0.0,NB
56,"(1, 3) NB",0.0,NB
56,"(2, 1) NB",0.0,NB
56,"(2, 2) NB",0.0,NB
56,"(2, 3) NB",0.0,NB
56,"(3, 1) NB",0.0,NB
56,"(3, 2) NB",0.0,NB
56,"(3, 3) NB",0.0,NB
56,"(4, 1) NB",0.0,NB
56,"(4, 2) NB",0.0,NB
56,"(4, 3) NB",1.0,NB
57,"(1, 1) NB",0.0,NB
57,"(1, 2) NB",0.0,NB
57,"(1, 3) NB",0.0,NB
57,"(2, 1) NB",0.0,NB
57,"(2, 2) NB",0.0,NB
57,"(2, 3) NB",0.0,NB
57,"(3, 1) NB",0.0,NB
57,"(3, 2) NB",0.0,NB
57,"(3, 3) NB",0.0,NB
57,"(4, 1) NB",0.0,NB
57,"(4, 2) NB",0.0,NB
57,"(4, 3) NB",1.0,NB
58,"(1, 1) NB",0.0,NB
58,"(1, 2) NB",0.0,NB
58,"(1, 3) NB",0.0,NB
58,"(2, 1) NB",0.0,NB
58,"(2, 2) NB",0.0,NB
58,"(2, 3) NB",0.0,NB
58,"(3, 1) NB",0.0,NB
58,"(3, 2) NB",0.0,NB
58,"(3, 3) NB",0.0,NB
58,"(4, 1) NB",0.0,NB
58,"(4, 2) NB",0.0,NB
58,"(4, 3) NB",1.0,NB
59,"(1, 1) NB",0.0,NB
59,"(1, 2) NB",0.0,NB
59,"(1, 3) NB",0.0,NB
59,"(2, 1) NB",0.0,NB
59,"(2, 2) NB",0.0,NB
59,"(2, 3) NB",0.0,NB
59,"(3, 1) NB",0.0,NB
59,"(3, 2) NB",0.0,NB
59,"(3, 3) NB",0.0,NB
59,"(4, 1) NB",0.0,NB
59,"(4, 2) NB",0.0,NB
59,"(4, 3) NB",1.0,NB
60,"(1, 1) NB",0.0,NB
60,"(1, 2) NB",0.0,NB
60,"(1, 3) NB",0.0,NB
60,"(2, 1) NB",0.0,NB
60,"(2, 2) NB",0.0,NB
60,"(2, 3) NB",0.0,NB
60,"(3, 1) NB",0.0,NB
60,"(3, 2) NB",0.0,NB
60,"(3, 3) NB",0.0,NB
60,"(4, 1) NB",0.0,NB
60,"(4, 2) NB",0.0,NB
60,"(4, 3) NB",1.0,NB
61,"(1, 1) NB",0.0,NB
61,"(1, 2) NB",0.0,NB
61,"(1, 3) NB",0.0,NB
61,"(2, 1) NB",0.0,NB
61,"(2, 2) NB",0.0,NB
61,"(2, 3) NB",0.0,NB
61,"(3, 1) NB",0.0,NB
61,"(3, 2) NB",0.0,NB
61,"(3, 3) NB",0.0,NB
61,"(4, 1) NB",0.0,NB
61,"(4, 2) NB",0.0,NB
61,"(4, 3) NB",1.0,NB
62,"(1, 1) NB",0.0,NB
62,"(1, 2) NB",0.0,NB
62,"(1, 3) NB",0.0,NB
62,"(2, 1) NB",0.0,NB
62,"(2, 2) NB",0.0,NB
62,"(2, 3) NB",0.0,NB
62,"(3, 1) NB",0.0,NB
62,"(3, 2) NB",0.0,NB
62,"(3, 3) NB",0.0,NB
62,"(4, 1) NB",0.0,NB
62,"(4, 2) NB",0.0,NB
62,"(4, 3) NB",1.0,NB
63,"(1, 1) NB",0.0,NB
63,"(1, 2) NB",0.0,NB
63,"(1, 3) NB",0.0,NB
63,"(2, 1) NB",0.0,NB
63,"(2, 2) NB",0.0,NB
63,"(2, 3) NB",0.0,NB
63,"(3, 1) NB",0.0,NB
63,"(3, 2) NB",0.0,NB
63,"(3, 3) NB",0.0,NB
63,"(4, 1) NB",0.0,NB
63,"(4, 2) NB",0.0,NB
63,"(4, 3) NB",1.0,NB
64,"(1, 1) NB",0.0,NB
64,"(1, 2) NB",0.0,NB
64,"(1, 3) NB",0.0,NB
64,"(2, 1) NB",0.0,NB
64,"(2, 2) NB",0.0,NB
64,"(2, 3) NB",0.0,NB
64,"(3, 1) NB",0.0,NB
64,"(3, 2) NB",0.0,NB
64,"(3, 3) NB",0.0,NB
64,"(4, 1) NB",0.0,NB
64,"(4, 2) NB",0.0,NB
64,"(4, 3) NB",1.0,NB
65,"(1, 1) NF",0.0,NF
65,"(1, 2) NF",0.0,NF
65,"(1, 3) NF",1.0,NF
65,"(2, 1) NF",0.0,NF
65,"(2, 2) NF",0.0,NF
65,"(2, 3) NF",0.0,NF
65,"(3, 1) NF",0.0,NF
65,"(3, 2) NF",0.0,NF
65,"(3, 3) NF",0.0,NF
65,"(4, 1) NF",0.0,NF
65,"(4, 2) NF",0.0,NF
65,"(4, 3) NF",0.0,NF
66,"(1, 1) NF",0.0,NF
66,"(1, 2) NF",0.0,NF
66,"(1, 3) NF",1.0,NF
66,"(2, 1) NF",0.0,NF
66,"(2, 2) NF",0.0,NF
66,"(2, 3) NF",0.0,NF
66,"(3, 1) NF",0.0,NF
66,"(3, 2) NF",0.0,NF
66,"(3, 3) NF",0.0,NF
66,"(4, 1) NF",0.0,NF
66,"(4, 2) NF",0.0,NF
66,"(4, 3) NF",0.0,NF
67,"(1, 1) NF",0.0,NF
67,"(1, 2) NF",0.0,NF
67,"(1, 3) NF",1.0,NF
67,"(2, 1) NF",0.0,NF
67,"(2, 2) NF",0.0,NF
67,"(2, 3) NF",0.0,NF
67,"(3, 1) NF",0.0,NF
67,"(3, 2) NF",0.0,NF
67,"(3, 3) NF",0.0,NF
67,"(4, 1) NF",0.0,NF
67,"(4, 2) NF",0.0,NF
67,"(4, 3) NF",0.0,NF
68,"(1, 1) NF",0.0,NF
68,"(1, 2) NF",0.0,NF
68,"(1, 3) NF",1.0,NF
68,"(2, 1) NF",0.0,NF
68,"(2, 2) NF",0.0,NF
68,"(2, 3) NF",0.0,NF
68,"(3, 1) NF",0.0,NF
68,"(3, 2) NF",0.0,NF
68,"(3, 3) NF",0.0,NF
68,"(4, 1) NF",0.0,NF
68,"(4, 2) NF",0.0,NF
68,"(4, 3) NF",0.0,NF
69,"(1, 1) NS",0.0,NS
69,"(1, 2) NS",0.0,NS
69,"(1, 3) NS",1.0,NS
69,"(2, 1) NS",0.0,NS
69,"(2, 2) NS",0.0,NS
69,"(2, 3) NS",0.0,NS
69,"(3, 1) NS",0.0,NS
69,"(3, 2) NS",0.0,NS
69,"(3, 3) NS",0.0,NS
69,"(4, 1) NS",0.0,NS
69,"(4, 2) NS",0.0,NS
69,"(4, 3) NS",0.0,NS
70,"(1, 1) NS",0.0,NS
70,"(1, 2) NS",0.0,NS
70,"(1, 3) NS",1.0,NS
70,"(2, 1) NS",0.0,NS
70,"(2, 2) NS",0.0,NS
70,"(2, 3) NS",0.0,NS
70,"(3, 1) NS",0.0,NS
70,"(3, 2) NS",0.0,NS
70,"(3, 3) NS",0.0,NS
70,"(4, 1) NS",0.0,NS
70,"(4, 2) NS",0.0,NS
70,"(4, 3) NS",0.0,NS
71,"(1, 1) NS",0.0,NS
71,"(1, 2) NS",0.0,NS
71,"(1, 3) NS",1.0,NS
71,"(2, 1) NS",0.0,NS
71,"(2, 2) NS",0.0,NS
71,"(2, 3) NS",0.0,NS
71,"(3, 1) NS",0.0,NS
71,"(3, 2) NS",0.0,NS
71,"(3, 3) NS",0.0,NS
71,"(4, 1) NS",0.0,NS
71,"(4, 2) NS",0.0,NS
71,"(4, 3) NS",0.0,NS
72,"(1, 1) NS",0.0,NS
72,"(1, 2) NS",0.0,NS
72,"(1, 3) NS",1.0,NS
72,"(2, 1) NS",0.0,NS
72,"(2, 2) NS",0.0,NS
72,"(2, 3) NS",0.0,NS
72,"(3, 1) NS",0.0,NS
72,"(3, 2) NS",0.0,NS
72,"(3, 3) NS",0.0,NS
72,"(4, 1) NS",0.0,NS
72,"(4, 2) NS",0.0,NS
72,"(4, 3) NS",0.0,NS
73,"(1, 1) NS",0.0,NS
73,"(1, 2) NS",0.0,NS
73,"(1, 3) NS",0.0,NS
73,"(2, 1) NS",0.0,NS
73,"(2, 2) NS",0.0,NS
73,"(2, 3) NS",0.0,NS
73,"(3, 1) NS",0.0,NS
73,"(3, 2) NS",0.0,NS
73,"(3, 3) NS",0.0,NS
73,"(4, 1) NS",0.0,NS
73,"(4, 2) NS",0.0,NS
73,"(4, 3) NS",1.0,NS
74,"(1, 1) NS",0.0,NS
74,"(1, 2) NS",0.0,NS
74,"(1, 3) NS",0.0,NS
74,"(2, 1) NS",0.0,NS
74,"(2, 2) NS",0.0,NS
74,"(2, 3) NS",0.0,NS
74,"(3, 1) NS",0.0,NS
74,"(3, 2) NS",0.0,NS
74,"(3, 3) NS",0.0,NS
74,"(4, 1) NS",0.0,NS
74,"(4, 2) NS",0.0,NS
74,"(4, 3) NS",1.0,NS
75,"(1, 1) NS",0.0,NS
75,"(1, 2) NS",0.0,NS
75,"(1, 3) NS",0.0,NS
75,"(2, 1) NS",0.0,NS
75,"(2, 2) NS",0.0,NS
75,"(2, 3) NS",1.0,NS
75,"(3, 1) NS",0.0,NS
75,"(3, 2) NS",0.0,NS
75,"(3, 3) NS",0.0,NS
75,"(4, 1) NS",0.0,NS
75,"(4, 2) NS",0.0,NS
75,"(4, 3) NS",0.0,NS
76,"(1, 1) NS",0.0,NS
76,"(1, 2) NS",0.0,NS
76,"(1, 3) NS",0.0,NS
76,"(2, 1) NS",0.0,NS
76,"(2, 2) NS",0.0,NS
76,"(2, 3) NS",0.0,NS
76,"(3, 1) NS",0.0,NS
76,"(3, 2) NS",0.0,NS
76,"(3, 3) NS",0.0,NS
76,"(4, 1) NS",0.0,NS
76,"(4, 2) NS",0.0,NS
76,"(4, 3) NS",1.0,NS
77,"(1, 1) NS",0.0,NS
77,"(1, 2) NS",0.0,NS
77,"(1, 3) NS",0.0,NS
77,"(2, 1) NS",0.0,NS
77,"(2, 2) NS",0.0,NS
77,"(2, 3) NS",1.0,NS
77,"(3, 1) NS",0.0,NS
77,"(3, 2) NS",0.0,NS
77,"(3, 3) NS",0.0,NS
77,"(4, 1) NS",0.0,NS
77,"(4, 2) NS",0.0,NS
77,"(4, 3) NS",0.0,NS
78,"(1, 1) NS",0.0,NS
78,"(1, 2) NS",0.0,NS
78,"(1, 3) NS",0.0,NS
78,"(2, 1) NS",0.0,NS
78,"(2, 2) NS",0.0,NS
78,"(2, 3) NS",1.0,NS
78,"(3, 1) NS",0.0,NS
78,"(3, 2) NS",0.0,NS
78,"(3, 3) NS",0.0,NS
78,"(4, 1) NS",0.0,NS
78,"(4, 2) NS",0.0,NS
78,"(4, 3) NS",0.0,NS
79,"(1, 1) NS",0.0,NS
79,"(1, 2) NS",0.0,NS
79,"(1, 3) NS",1.0,NS
79,"(2, 1) NS",0.0,NS
79,"(2, 2) NS",0.0,NS
79,"(2, 3) NS",0.0,NS
79,"(3, 1) NS",0.0,NS
79,"(3, 2) NS",0.0,NS
79,"(3, 3) NS",0.0,NS
79,"(4, 1) NS",0.0,NS
79,"(4, 2) NS",0.0,NS
79,"(4, 3) NS",0.0,NS
80,"(1, 1) NS",0.0,NS
80,"(1, 2) NS",0.0,NS
80,"(1, 3) NS",1.0,NS
80,"(2, 1) NS",0.0,NS
80,"(2, 2) NS",0.0,NS
80,"(2, 3) NS",0.0,NS
80,"(3, 1) NS",0.0,NS
80,"(3, 2) NS",0.0,NS
80,"(3, 3) NS",0.0,NS
80,"(4, 1) NS",0.0,NS
80,"(4, 2) NS",0.0,NS
80,"(4, 3) NS",0.0,NS
81,"(1, 1) NS",0.0,NS
81,"(1, 2) NS",0.0,NS
81,"(1, 3) NS",1.0,NS
81,"(2, 1) NS",0.0,NS
81,"(2, 2) NS",0.0,NS
81,"(2, 3) NS",0.0,NS
81,"(3, 1) NS",0.0,NS
81,"(3, 2) NS",0.0,NS
81,"(3, 3) NS",0.0,NS
81,"(4, 1) NS",0.0,NS
81,"(4, 2) NS",0.0,NS
81,"(4, 3) NS",0.0,NS
82,"(1, 1) NS",0.0,NS
82,"(1, 2) NS",0.0,NS
82,"(1, 3) NS",0.0,NS
82,"(2, 1) NS",0.0,NS
82,"(2, 2) NS",0.0,NS
82,"(2, 3) NS",0.0,NS
82,"(3, 1) NS",0.0,NS
82,"(3, 2) NS",0.0,NS
82,"(3, 3) NS",0.0,NS
82,"(4, 1) NS",0.0,NS
82,"(4, 2) NS",0.0,NS
82,"(4, 3) NS",1.0,NS
83,"(1, 1) NS",0.0,NS
83,"(1, 2) NS",0.0,NS
83,"(1, 3) NS",0.0,NS
83,"(2, 1) NS",0.0,NS
83,"(2, 2) NS",0.0,NS
83,"(2, 3) NS",0.0,NS
83,"(3, 1) NS",0.0,NS
83,"(3, 2) NS",0.0,NS
83,"(3, 3) NS",0.0,NS
83,"(4, 1) NS",0.0,NS
83,"(4, 2) NS",0.0,NS
83,"(4, 3) NS",1.0,NS
84,"(1, 1) NS",0.0,NS
84,"(1, 2) NS",0.0,NS
84,"(1, 3) NS",1.0,NS
84,"(2, 1) NS",0.0,NS
84,"(2, 2) NS",0.0,NS
84,"(2, 3) NS",0.0,NS
84,"(3, 1) NS",0.0,NS
84,"(3, 2) NS",0.0,NS
84,"(3, 3) NS",0.0,NS
84,"(4, 1) NS",0.0,NS
84,"(4, 2) NS",0.0,NS
84,"(4, 3) NS",0.0,NS
85,"(1, 1) NS",0.0,NS
85,"(1, 2) NS",0.0,NS
85,"(1, 3) NS",0.0,NS
85,"(2, 1) NS",0.0,NS
85,"(2, 2) NS",0.0,NS
85,"(2, 3) NS",1.0,NS
85,"(3, 1) NS",0.0,NS
85,"(3, 2) NS",0.0,NS
85,"(3, 3) NS",0.0,NS
85,"(4, 1) NS",0.0,NS
85,"(4, 2) NS",0.0,NS
85,"(4, 3) NS",0.0,NS
86,"(1, 1) NS",0.0,NS
86,"(1, 2) NS",0.0,NS
86,"(1, 3) NS",0.0,NS
86,"(2, 1) NS",0.0,NS
86,"(2, 2) NS",0.0,NS
86,"(2, 3) NS",1.0,NS
86,"(3, 1) NS",0.0,NS
86,"(3, 2) NS",0.0,NS
86,"(3, 3) NS",0.0,NS
86,"(4, 1) NS",0.0,NS
86,"(4, 2) NS",0.0,NS
86,"(4, 3) NS",0.0,NS
87,"(1, 1) NS",0.0,NS
87,"(1, 2) NS",0.0,NS
87,"(1, 3) NS",1.0,NS
87,"(2, 1) NS",0.0,NS
87,"(2, 2) NS",0.0,NS
87,"(2, 3) NS",0.0,NS
87,"(3, 1) NS",0.0,NS
87,"(3, 2) NS",0.0,NS
87,"(3, 3) NS",0.0,NS
87,"(4, 1) NS",0.0,NS
87,"(4, 2) NS",0.0,NS
87,"(4, 3) NS",0.0,NS
88,"(1, 1) NS",0.0,NS
88,"(1, 2) NS",0.0,NS
88,"(1, 3) NS",1.0,NS
88,"(2, 1) NS",0.0,NS
88,"(2, 2) NS",0.0,NS
88,"(2, 3) NS",0.0,NS
88,"(3, 1) NS",0.0,NS
88,"(3, 2) NS",0.0,NS
88,"(3, 3) NS",0.0,NS
88,"(4, 1) NS",0.0,NS
88,"(4, 2) NS",0.0,NS
88,"(4, 3) NS",0.0,NS
89,"(1, 1) NS",0.0,NS
89,"(1, 2) NS",0.0,NS
89,"(1, 3) NS",1.0,NS
89,"(2, 1) NS",0.0,NS
89,"(2, 2) NS",0.0,NS
89,"(2, 3) NS",0.0,NS
89,"(3, 1) NS",0.0,NS
89,"(3, 2) NS",0.0,NS
89,"(3, 3) NS",0.0,NS
89,"(4, 1) NS",0.0,NS
89,"(4, 2) NS",0.0,NS
89,"(4, 3) NS",0.0,NS
90,"(1, 1) NS",0.0,NS
90,"(1, 2) NS",0.0,NS
90,"(1, 3) NS",1.0,NS
90,"(2, 1) NS",0.0,NS
90,"(2, 2) NS",0.0,NS
90,"(2, 3) NS",0.0,NS
90,"(3, 1) NS",0.0,NS
90,"(3, 2) NS",0.0,NS
90,"(3, 3) NS",0.0,NS
90,"(4, 1) NS",0.0,NS
90,"(4, 2) NS",0.0,NS
90,"(4, 3) NS",0.0,NS
91,"(1, 1) NS",0.0,NS
91,"(1, 2) NS",0.0,NS
91,"(1, 3) NS",1.0,NS
91,"(2, 1) NS",0.0,NS
91,"(2, 2) NS",0.0,NS
91,"(2, 3) NS",0.0,NS
91,"(3, 1) NS",0.0,NS
91,"(3, 2) NS",0.0,NS
91,"(3, 3) NS",0.0,NS
91,"(4, 1) NS",0.0,NS
91,"(4, 2) NS",0.0,NS
91,"(4, 3) NS",0.0,NS
92,"(1, 1) NS",0.0,NS
92,"(1, 2) NS",0.0,NS
92,"(1, 3) NS",1.0,NS
92,"(2, 1) NS",0.0,NS
92,"(2, 2) NS",0.0,NS
92,"(2, 3) NS",0.0,NS
92,"(3, 1) NS",0.0,NS
92,"(3, 2) NS",0.0,NS
92,"(3, 3) NS",0.0,NS
92,"(4, 1) NS",0.0,NS
92,"(4, 2) NS",0.0,NS
92,"(4, 3) NS",0.0,NS
93,"(1, 1) NS",0.0,NS
93,"(1, 2) NS",0.0,NS
93,"(1, 3) NS",1.0,NS
93,"(2, 1) NS",0.0,NS
93,"(2, 2) NS",0.0,NS
93,"(2, 3) NS",0.0,NS
93,"(3, 1) NS",0.0,NS
93,"(3, 2) NS",0.0,NS
93,"(3, 3) NS",0.0,NS
93,"(4, 1) NS",0.0,NS
93,"(4, 2) NS",0.0,NS
93,"(4, 3) NS",0.0,NS
94,"(1, 1) NS",0.0,NS
94,"(1, 2) NS",0.0,NS
94,"(1, 3) NS",0.0,NS
94,"(2, 1) NS",0.0,NS
94,"(2, 2) NS",0.0,NS
94,"(2, 3) NS",0.0,NS
94,"(3, 1) NS",0.0,NS
94,"(3, 2) NS",0.0,NS
94,"(3, 3) NS",0.0,NS
94,"(4, 1) NS",0.0,NS
94,"(4, 2) NS",0.0,NS
94,"(4, 3) NS",1.0,NS
95,"(1, 1) NS",0.0,NS
95,"(1, 2) NS",0.0,NS
95,"(1, 3) NS",0.0,NS
95,"(2, 1) NS",0.0,NS
95,"(2, 2) NS",0.0,NS
95,"(2, 3) NS",0.0,NS
95,"(3, 1) NS",0.0,NS
95,"(3, 2) NS",0.0,NS
95,"(3, 3) NS",0.0,NS
95,"(4, 1) NS",0.0,NS
95,"(4, 2) NS",0.0,NS
95,"(4, 3) NS",1.0,NS
96,"(1, 1) NS",0.0,NS
96,"(1, 2) NS",0.0,NS
96,"(1, 3) NS",0.0,NS
96,"(2, 1) NS",0.0,NS
96,"(2, 2) NS",0.0,NS
96,"(2, 3) NS",0.0,NS
96,"(3, 1) NS",0.0,NS
96,"(3, 2) NS",0.0,NS
96,"(3, 3) NS",0.0,NS
96,"(4, 1) NS",0.0,NS
96,"(4, 2) NS",0.0,NS
96,"(4, 3) NS",1.0,NS
97,"(1, 1) NS",0.0,NS
97,"(1, 2) NS",0.0,NS
97,"(1, 3) NS",1.0,NS
97,"(2, 1) NS",0.0,NS
97,"(2, 2) NS",0.0,NS
97,"(2, 3) NS",0.0,NS
97,"(3, 1) NS",0.0,NS
97,"(3, 2) NS",0.0,NS
97,"(3, 3) NS",0.0,NS
97,"(4, 1) NS",0.0,NS
97,"(4, 2) NS",0.0,NS
97,"(4, 3) NS",0.0,NS
98,"(1, 1) NS",0.0,NS
98,"(1, 2) NS",0.0,NS
98,"(1, 3) NS",1.0,NS
98,"(2, 1) NS",0.0,NS
98,"(2, 2) NS",0.0,NS
98,"(2, 3) NS",0.0,NS
98,"(3, 1) NS",0.0,NS
98,"(3, 2) NS",0.0,NS
98,"(3, 3) NS",0.0,NS
98,"(4, 1) NS",0.0,NS
98,"(4, 2) NS",0.0,NS
98,"(4, 3) NS",0.0,NS
99,"(1, 1) NS",0.0,NS
99,"(1, 2) NS",0.0,NS
99,"(1, 3) NS",1.0,NS
99,"(2, 1) NS",0.0,NS
99,"(2, 2) NS",0.0,NS
99,"(2, 3) NS",0.0,NS
99,"(3, 1) NS",0.0,NS
99,"(3, 2) NS",0.0,NS
99,"(3, 3) NS",0.0,NS
99,"(4, 1) NS",0.0,NS
99,"(4, 2) NS",0.0,NS
99,"(4, 3) NS",0.0,NS
100,"(1, 1) NS",0.0,NS
100,"(1, 2) NS",0.0,NS
100,"(1, 3) NS",0.0,NS
100,"(2, 1) NS",0.0,NS
100,"(2, 2) NS",0.0,NS
100,"(2, 3) NS",0.0,NS
100,"(3, 1) NS",0.0,NS
100,"(3, 2) NS",0.0,NS
100,"(3, 3) NS",0.0,NS
100,"(4, 1) NS",0.0,NS
100,"(4, 2) NS",0.0,NS
100,"(4, 3) NS",1.0,NS
101,"(1, 1) NS",0.0,NS
101,"(1, 2) NS",0.0,NS
101,"(1, 3) NS",1.0,NS
101,"(2, 1) NS",0.0,NS
101,"(2, 2) NS",0.0,NS
101,"(2, 3) NS",0.0,NS
101,"(3, 1) NS",0.0,NS
101,"(3, 2) NS",0.0,NS
101,"(3, 3) NS",0.0,NS
101,"(4, 1) NS",0.0,NS
101,"(4, 2) NS",0.0,NS
101,"(4, 3) NS",0.0,NS
102,"(1, 1) NS",0.0,NS
102,"(1, 2) NS",0.0,NS
102,"(1, 3) NS",1.0,NS
102,"(2, 1) NS",0.0,NS
102,"(2, 2) NS",0.0,NS
102,"(2, 3) NS",0.0,NS
102,"(3, 1) NS",0.0,NS
102,"(3, 2) NS",0.0,NS
102,"(3, 3) NS",0.0,NS
102,"(4, 1) NS",0.0,NS
102,"(4, 2) NS",0.0,NS
102,"(4, 3) NS",0.0,NS
103,"(1, 1) NS",0.0,NS
103,"(1, 2) NS",0.0,NS
103,"(1, 3) NS",1.0,NS
103,"(2, 1) NS",0.0,NS
103,"(2, 2) NS",0.0,NS
103,"(2, 3) NS",0.0,NS
103,"(3, 1) NS",0.0,NS
103,"(3, 2) NS",0.0,NS
103,"(3, 3) NS",0.0,NS
103,"(4, 1) NS",0.0,NS
103,"(4, 2) NS",0.0,NS
103,"(4, 3) NS",0.0,NS
104,"(1, 1) NS",0.0,NS
104,"(1, 2) NS",0.0,NS
104,"(1, 3) NS",0.0,NS
104,"(2, 1) NS",0.0,NS
104,"(2, 2) NS",0.0,NS
104,"(2, 3) NS",0.0,NS
104,"(3, 1) NS",0.0,NS
104,"(3, 2) NS",0.0,NS
104,"(3, 3) NS",0.0,NS
104,"(4, 1) NS",0.0,NS
104,"(4, 2) NS",0.0,NS
104,"(4, 3) NS",1.0,NS
105,"(1, 1) NS",0.0,NS
105,"(1, 2) NS",0.0,NS
105,"(1, 3) NS",1.0,NS
105,"(2, 1) NS",0.0,NS
105,"(2, 2) NS",0.0,NS
105,"(2, 3) NS",0.0,NS
105,"(3, 1) NS",0.0,NS
105,"(3, 2) NS",0.0,NS
105,"(3, 3) NS",0.0,NS
105,"(4, 1) NS",0.0,NS
105,"(4, 2) NS",0.0,NS
105,"(4, 3) NS",0.0,NS
106,"(1, 1) NS",0.0,NS
106,"(1, 2) NS",0.0,NS
106,"(1, 3) NS",0.0,NS
106,"(2, 1) NS",0.0,NS
106,"(2, 2) NS",0.0,NS
106,"(2, 3) NS",0.0,NS
106,"(3, 1) NS",0.0,NS
106,"(3, 2) NS",0.0,NS
106,"(3, 3) NS",0.0,NS
106,"(4, 1) NS",0.0,NS
106,"(4, 2) NS",0.0,NS
106,"(4, 3) NS",1.0,NS
107,"(1, 1) NS",0.0,NS
107,"(1, 2) NS",0.0,NS
107,"(1, 3) NS",1.0,NS
107,"(2, 1) NS",0.0,NS
107,"(2, 2) NS",0.0,NS
107,"(2, 3) NS",0.0,NS
107,"(3, 1) NS",0.0,NS
107,"(3, 2) NS",0.0,NS
107,"(3, 3) NS",0.0,NS
107,"(4, 1) NS",0.0,NS
107,"(4, 2) NS",0.0,NS
107,"(4, 3) NS",0.0,NS
108,"(1, 1) NS",0.0,NS
108,"(1, 2) NS",0.0,NS
108,"(1, 3) NS",1.0,NS
108,"(2, 1) NS",0.0,NS
108,"(2, 2) NS",0.0,NS
108,"(2, 3) NS",0.0,NS
108,"(3, 1) NS",0.0,NS
108,"(3, 2) NS",0.0,NS
108,"(3, 3) NS",0.0,NS
108,"(4, 1) NS",0.0,NS
108,"(4, 2) NS",0.0,NS
108,"(4, 3) NS",0.0,NS
109,"(1, 1) NS",0.0,NS
109,"(1, 2) NS",0.0,NS
109,"(1, 3) NS",1.0,NS
109,"(2, 1) NS",0.0,NS
109,"(2, 2) NS",0.0,NS
109,"(2, 3) NS",0.0,NS
109,"(3, 1) NS",0.0,NS
109,"(3, 2) NS",0.0,NS
109,"(3, 3) NS",0.0,NS
109,"(4, 1) NS",0.0,NS
109,"(4, 2) NS",0.0,NS
109,"(4, 3) NS",0.0,NS
110,"(1, 1) NS",0.0,NS
110,"(1, 2) NS",0.0,NS
110,"(1, 3) NS",1.0,NS
110,"(2, 1) NS",0.0,NS
110,"(2, 2) NS",0.0,NS
110,"(2, 3) NS",0.0,NS
110,"(3, 1) NS",0.0,NS
110,"(3, 2) NS",0.0,NS
110,"(3, 3) NS",0.0,NS
110,"(4, 1) NS",0.0,NS
110,"(4, 2) NS",0.0,NS
110,"(4, 3) NS",0.0,NS
111,"(1, 1) NS",0.0,NS
111,"(1, 2) NS",0.0,NS
111,"(1, 3) NS",0.0,NS
111,"(2, 1) NS",0.0,NS
111,"(2, 2) NS",0.0,NS
111,"(2, 3) NS",0.0,NS
111,"(3, 1) NS",0.0,NS
111,"(3, 2) NS",0.0,NS
111,"(3, 3) NS",0.0,NS
111,"(4, 1) NS",0.0,NS
111,"(4, 2) NS",0.0,NS
111,"(4, 3) NS",1.0,NS
112,"(1, 1) NS",0.0,NS
112,"(1, 2) NS",0.0,NS
112,"(1, 3) NS",0.0,NS
112,"(2, 1) NS",0.0,NS
112,"(2, 2) NS",0.0,NS
112,"(2, 3) NS",0.0,NS
112,"(3, 1) NS",0.0,NS
112,"(3, 2) NS",0.0,NS
112,"(3, 3) NS",0.0,NS
112,"(4, 1) NS",0.0,NS
112,"(4, 2) NS",0.0,NS
112,"(4, 3) NS",1.0,NS
113,"(1, 1) NS",0.0,NS
113,"(1, 2) NS",0.0,NS
113,"(1, 3) NS",0.0,NS
113,"(2, 1) NS",0.0,NS
113,"(2, 2) NS",0.0,NS
113,"(2, 3) NS",0.0,NS
113,"(3, 1) NS",0.0,NS
113,"(3, 2) NS",0.0,NS
113,"(3, 3) NS",0.0,NS
113,"(4, 1) NS",0.0,NS
113,"(4, 2) NS",0.0,NS
113,"(4, 3) NS",1.0,NS
114,"(1, 1) NS",0.0,NS
114,"(1, 2) NS",0.0,NS
114,"(1, 3) NS",0.0,NS
114,"(2, 1) NS",0.0,NS
114,"(2, 2) NS",0.0,NS
114,"(2, 3) NS",0.0,NS
114,"(3, 1) NS",0.0,NS
114,"(3, 2) NS",0.0,NS
114,"(3, 3) NS",0.0,NS
114,"(4, 1) NS",0.0,NS
114,"(4, 2) NS",0.0,NS
114,"(4, 3) NS",1.0,NS
115,"(1, 1) NS",0.0,NS
115,"(1, 2) NS",0.0,NS
115,"(1, 3) NS",0.0,NS
115,"(2, 1) NS",0.0,NS
115,"(2, 2) NS",0.0,NS
115,"(2, 3) NS",1.0,NS
115,"(3, 1) NS",0.0,NS
115,"(3, 2) NS",0.0,NS
115,"(3, 3) NS",0.0,NS
115,"(4, 1) NS",0.0,NS
115,"(4, 2) NS",0.0,NS
115,"(4, 3) NS",0.0,NS
116,"(1, 1) NS",0.0,NS
116,"(1, 2) NS",0.0,NS
116,"(1, 3) NS",0.0,NS
116,"(2, 1) NS",0.0,NS
116,"(2, 2) NS",0.0,NS
116,"(2, 3) NS",1.0,NS
116,"(3, 1) NS",0.0,NS
116,"(3, 2) NS",0.0,NS
116,"(3, 3) NS",0.0,NS
116,"(4, 1) NS",0.0,NS
116,"(4, 2) NS",0.0,NS
116,"(4, 3) NS",0.0,NS
117,"(1, 1) NS",0.0,NS
117,"(1, 2) NS",0.0,NS
117,"(1, 3) NS",0.0,NS
117,"(2, 1) NS",0.0,NS
117,"(2, 2) NS",0.0,NS
117,"(2, 3) NS",1.0,NS
117,"(3, 1) NS",0.0,NS
117,"(3, 2) NS",0.0,NS
117,"(3, 3) NS",0.0,NS
117,"(4, 1) NS",0.0,NS
117,"(4, 2) NS",0.0,NS
117,"(4, 3) NS",0.0,NS
118,"(1, 1) NS",0.0,NS
118,"(1, 2) NS",0.0,NS
118,"(1, 3) NS",1.0,NS
118,"(2, 1) NS",0.0,NS
118,"(2, 2) NS",0.0,NS
118,"(2, 3) NS",0.0,NS
118,"(3, 1) NS",0.0,NS
118,"(3, 2) NS",0.0,NS
118,"(3, 3) NS",0.0,NS
118,"(4, 1) NS",0.0,NS
118,"(4, 2) NS",0.0,NS
118,"(4, 3) NS",0.0,NS
119,"(1, 1) NS",0.0,NS
119,"(1, 2) NS",0.0,NS
119,"(1, 3) NS",1.0,NS
119,"(2, 1) NS",0.0,NS
119,"(2, 2) NS",0.0,NS
119,"(2, 3) NS",0.0,NS
119,"(3, 1) NS",0.0,NS
119,"(3, 2) NS",0.0,NS
119,"(3, 3) NS",0.0,NS
119,"(4, 1) NS",0.0,NS
119,"(4, 2) NS",0.0,NS
119,"(4, 3) NS",0.0,NS
120,"(1, 1) NS",0.0,NS
120,"(1, 2) NS",0.0,NS
120,"(1, 3) NS",1.0,NS
120,"(2, 1) NS",0.0,NS
120,"(2, 2) NS",0.0,NS
120,"(2, 3) NS",0.0,NS
120,"(3, 1) NS",0.0,NS
120,"(3, 2) NS",0.0,NS
120,"(3, 3) NS",0.0,NS
120,"(4, 1) NS",0.0,NS
120,"(4, 2) NS",0.0,NS
120,"(4, 3) NS",0.0,NS
121,"(1, 1) NS",0.0,NS
121,"(1, 2) NS",0.0,NS
121,"(1, 3) NS",1.0,NS
121,"(2, 1) NS",0.0,NS
121,"(2, 2) NS",0.0,NS
121,"(2, 3) NS",0.0,NS
121,"(3, 1) NS",0.0,NS
121,"(3, 2) NS",0.0,NS
121,"(3, 3) NS",0.0,NS
121,"(4, 1) NS",0.0,NS
121,"(4, 2) NS",0.0,NS
121,"(4, 3) NS",0.0,NS
122,"(1, 1) NS",0.0,NS
122,"(1, 2) NS",0.0,NS
122,"(1, 3) NS",1.0,NS
122,"(2, 1) NS",0.0,NS
122,"(2, 2) NS",0.0,NS
122,"(2, 3) NS",0.0,NS
122,"(3, 1) NS",0.0,NS
122,"(3, 2) NS",0.0,NS
122,"(3, 3) NS",0.0,NS
122,"(4, 1) NS",0.0,NS
122,"(4, 2) NS",0.0,NS
122,"(4, 3) NS",0.0,NS
123,"(1, 1) NS",0.0,NS
123,"(1, 2) NS",0.0,NS
123,"(1, 3) NS",1.0,NS
123,"(2, 1) NS",0.0,NS
123,"(2, 2) NS",0.0,NS
123,"(2, 3) NS",0.0,NS
123,"(3, 1) NS",0.0,NS
123,"(3, 2) NS",0.0,NS
123,"(3, 3) NS",0.0,NS
123,"(4, 1) NS",0.0,NS
123,"(4, 2) NS",0.0,NS
123,"(4, 3) NS",0.0,NS
124,"(1, 1) NS",0.0,NS
124,"(1, 2) NS",0.0,NS
124,"(1, 3) NS",0.0,NS
124,"(2, 1) NS",0.0,NS
124,"(2, 2) NS",0.0,NS
124,"(2, 3) NS",0.0,NS
124,"(3, 1) NS",0.0,NS
124,"(3, 2) NS",0.0,NS
124,"(3, 3) NS",0.0,NS
124,"(4, 1) NS",0.0,NS
124,"(4, 2) NS",0.0,NS
124,"(4, 3) NS",1.0,NS
125,"(1, 1) NS",0.0,NS
125,"(1, 2) NS",0.0,NS
125,"(1, 3) NS",1.0,NS
125,"(2, 1) NS",0.0,NS
125,"(2, 2) NS",0.0,NS
125,"(2, 3) NS",0.0,NS
125,"(3, 1) NS",0.0,NS
125,"(3, 2) NS",0.0,NS
125,"(3, 3) NS",0.0,NS
125,"(4, 1) NS",0.0,NS
125,"(4, 2) NS",0.0,NS
125,"(4, 3) NS",0.0,NS
126,"(1, 1) NS",0.0,NS
126,"(1, 2) NS",0.0,NS
126,"(1, 3) NS",1.0,NS
126,"(2, 1) NS",0.0,NS
126,"(2, 2) NS",0.0,NS
126,"(2, 3) NS",0.0,NS
126,"(3, 1) NS",0.0,NS
126,"(3, 2) NS",0.0,NS
126,"(3, 3) NS",0.0,NS
126,"(4, 1) NS",0.0,NS
126,"(4, 2) NS",0.0,NS
126,"(4, 3) NS",0.0,NS
127,"(1, 1) NS",0.0,NS
127,"(1, 2) NS",0.0,NS
127,"(1, 3) NS",1.0,NS
127,"(2, 1) NS",0.0,NS
127,"(2, 2) NS",0.0,NS
127,"(2, 3) NS",0.0,NS
127,"(3, 1) NS",0.0,NS
127,"(3, 2) NS",0.0,NS
127,"(3, 3) NS",0.0,NS
127,"(4, 1) NS",0.0,NS
127,"(4, 2) NS",0.0,NS
127,"(4, 3) NS",0.0,NS
128,"(1, 1) NS",0.0,NS
128,"(1, 2) NS",0.0,NS
128,"(1, 3) NS",1.0,NS
128,"(2, 1) NS",0.0,NS
128,"(2, 2) NS",0.0,NS
128,"(2, 3) NS",0.0,NS
128,"(3, 1) NS",0.0,NS
128,"(3, 2) NS",0.0,NS
128,"(3, 3) NS",0.0,NS
128,"(4, 1) NS",0.0,NS
128,"(4, 2) NS",0.0,NS
128,"(4, 3) NS",0.0,NS
129,"(1, 1) NS",0.0,NS
129,"(1, 2) NS",0.0,NS
129,"(1, 3) NS",0.0,NS
129,"(2, 1) NS",0.0,NS
129,"(2, 2) NS",0.0,NS
129,"(2, 3) NS",1.0,NS
129,"(3, 1) NS",0.0,NS
129,"(3, 2) NS",0.0,NS
129,"(3, 3) NS",0.0,NS
129,"(4, 1) NS",0.0,NS
129,"(4, 2) NS",0.0,NS
129,"(4, 3) NS",0.0,NS
130,"(1, 1) NS",0.0,NS
130,"(1, 2) NS",0.0,NS
130,"(1, 3) NS",1.0,NS
130,"(2, 1) NS",0.0,NS
130,"(2, 2) NS",0.0,NS
130,"(2, 3) NS",0.0,NS
130,"(3, 1) NS",0.0,NS
130,"(3, 2) NS",0.0,NS
130,"(3, 3) NS",0.0,NS
130,"(4, 1) NS",0.0,NS
130,"(4, 2) NS",0.0,NS
130,"(4, 3) NS",0.0,NS
131,"(1, 1) NS",0.0,NS
131,"(1, 2) NS",0.0,NS
131,"(1, 3) NS",0.0,NS
131,"(2, 1) NS",0.0,NS
131,"(2, 2) NS",0.0,NS
131,"(2, 3) NS",0.0,NS
131,"(3, 1) NS",0.0,NS
131,"(3, 2) NS",0.0,NS
131,"(3, 3) NS",0.0,NS
131,"(4, 1) NS",0.0,NS
131,"(4, 2) NS",0.0,NS
131,"(4, 3) NS",1.0,NS
132,"(1, 1) NS",0.0,NS
132,"(1, 2) NS",0.0,NS
132,"(1, 3) NS",1.0,NS
132,"(2, 1) NS",0.0,NS
132,"(2, 2) NS",0.0,NS
132,"(2, 3) NS",0.0,NS
132,"(3, 1) NS",0.0,NS
132,"(3, 2) NS",0.0,NS
132,"(3, 3) NS",0.0,NS
132,"(4, 1) NS",0.0,NS
132,"(4, 2) NS",0.0,NS
132,"(4, 3) NS",0.0,NS
133,"(1, 1) NS",0.0,NS
133,"(1, 2) NS",0.0,NS
133,"(1, 3) NS",1.0,NS
133,"(2, 1) NS",0.0,NS
133,"(2, 2) NS",0.0,NS
133,"(2, 3) NS",0.0,NS
133,"(3, 1) NS",0.0,NS
133,"(3, 2) NS",0.0,NS
133,"(3, 3) NS",0.0,NS
133,"(4, 1) NS",0.0,NS
133,"(4, 2) NS",0.0,NS
133,"(4, 3) NS",0.0,NS
134,"(1, 1) NS",0.0,NS
134,"(1, 2) NS",0.0,NS
134,"(1, 3) NS",1.0,NS
134,"(2, 1) NS",0.0,NS
134,"(2, 2) NS",0.0,NS
134,"(2, 3) NS",0.0,NS
134,"(3, 1) NS",0.0,NS
134,"(3, 2) NS",0.0,NS
134,"(3, 3) NS",0.0,NS
134,"(4, 1) NS",0.0,NS
134,"(4, 2) NS",0.0,NS
134,"(4, 3) NS",0.0,NS
135,"(1, 1) NS",0.0,NS
135,"(1, 2) NS",0.0,NS
135,"(1, 3) NS",0.0,NS
135,"(2, 1) NS",0.0,NS
135,"(2, 2) NS",0.0,NS
135,"(2, 3) NS",1.0,NS
135,"(3, 1) NS",0.0,NS
135,"(3, 2) NS",0.0,NS
135,"(3, 3) NS",0.0,NS
135,"(4, 1) NS",0.0,NS
135,"(4, 2) NS",0.0,NS
135,"(4, 3) NS",0.0,NS
136,"(1, 1) NS",0.0,NS
136,"(1, 2) NS",0.0,NS
136,"(1, 3) NS",0.0,NS
136,"(2, 1) NS",0.0,NS
136,"(2, 2) NS",0.0,NS
136,"(2, 3) NS",1.0,NS
136,"(3, 1) NS",0.0,NS
136,"(3, 2) NS",0.0,NS
136,"(3, 3) NS",0.0,NS
136,"(4, 1) NS",0.0,NS
136,"(4, 2) NS",0.0,NS
136,"(4, 3) NS",0.0,NS
137,"(1, 1) NS",0.0,NS
137,"(1, 2) NS",0.0,NS
137,"(1, 3) NS",0.0,NS
137,"(2, 1) NS",0.0,NS
137,"(2, 2) NS",0.0,NS
137,"(2, 3) NS",0.0,NS
137,"(3, 1) NS",0.0,NS
137,"(3, 2) NS",0.0,NS
137,"(3, 3) NS",0.0,NS
137,"(4, 1) NS",0.0,NS
137,"(4, 2) NS",0.0,NS
137,"(4, 3) NS",1.0,NS
138,"(1, 1) NS",0.0,NS
138,"(1, 2) NS",0.0,NS
138,"(1, 3) NS",0.0,NS
138,"(2, 1) NS",0.0,NS
138,"(2, 2) NS",0.0,NS
138,"(2, 3) NS",0.0,NS
138,"(3, 1) NS",0.0,NS
138,"(3, 2) NS",0.0,NS
138,"(3, 3) NS",0.0,NS
138,"(4, 1) NS",0.0,NS
138,"(4, 2) NS",0.0,NS
138,"(4, 3) NS",1.0,NS
139,"(1, 1) NS",0.0,NS
139,"(1, 2) NS",0.0,NS
139,"(1, 3) NS",1.0,NS
139,"(2, 1) NS",0.0,NS
139,"(2, 2) NS",0.0,NS
139,"(2, 3) NS",0.0,NS
139,"(3, 1) NS",0.0,NS
139,"(3, 2) NS",0.0,NS
139,"(3, 3) NS",0.0,NS
139,"(4, 1) NS",0.0,NS
139,"(4, 2) NS",0.0,NS
139,"(4, 3) NS",0.0,NS
140,"(1, 1) NS",0.0,NS
140,"(1, 2) NS",0.0,NS
140,"(1, 3) NS",0.0,NS
140,"(2, 1) NS",0.0,NS
140,"(2, 2) NS",0.0,NS
140,"(2, 3) NS",0.0,NS
140,"(3, 1) NS",0.0,NS
140,"(3, 2) NS",0.0,NS
140,"(3, 3) NS",0.0,NS
140,"(4, 1) NS",0.0,NS
140,"(4, 2) NS",0.0,NS
140,"(4, 3) NS",1.0,NS
141,"(1, 1) NS",0.0,NS
141,"(1, 2) NS",0.0,NS
141,"(1, 3) NS",1.0,NS
141,"(2, 1) NS",0.0,NS
141,"(2, 2) NS",0.0,NS
141,"(2, 3) NS",0.0,NS
141,"(3, 1) NS",0.0,NS
141,"(3, 2) NS",0.0,NS
141,"(3, 3) NS",0.0,NS
141,"(4, 1) NS",0.0,NS
141,"(4, 2) NS",0.0,NS
141,"(4, 3) NS",0.0,NS
142,"(1, 1) NS",0.0,NS
142,"(1, 2) NS",0.0,NS
142,"(1, 3) NS",1.0,NS
142,"(2, 1) NS",0.0,NS
142,"(2, 2) NS",0.0,NS
142,"(2, 3) NS",0.0,NS
142,"(3, 1) NS",0.0,NS
142,"(3, 2) NS",0.0,NS
142,"(3, 3) NS",0.0,NS
142,"(4, 1) NS",0.0,NS
142,"(4, 2) NS",0.0,NS
142,"(4, 3) NS",0.0,NS
143,"(1, 1) NS",0.0,NS
143,"(1, 2) NS",0.0,NS
143,"(1, 3) NS",1.0,NS
143,"(2, 1) NS",0.0,NS
143,"(2, 2) NS",0.0,NS
143,"(2, 3) NS",0.0,NS
143,"(3, 1) NS",0.0,NS
143,"(3, 2) NS",0.0,NS
143,"(3, 3) NS",0.0,NS
143,"(4, 1) NS",0.0,NS
143,"(4, 2) NS",0.0,NS
143,"(4, 3) NS",0.0,NS
144,"(1, 1) NS",0.0,NS
144,"(1, 2) NS",0.0,NS
144,"(1, 3) NS",1.0,NS
144,"(2, 1) NS",0.0,NS
144,"(2, 2) NS",0.0,NS
144,"(2, 3) NS",0.0,NS
144,"(3, 1) NS",0.0,NS
144,"(3, 2) NS",0.0,NS
144,"(3, 3) NS",0.0,NS
144,"(4, 1) NS",0.0,NS
144,"(4, 2) NS",0.0,NS
144,"(4, 3) NS",0.0,NS
145,"(1, 1) NS",0.0,NS
145,"(1, 2) NS",0.0,NS
145,"(1, 3) NS",1.0,NS
145,"(2, 1) NS",0.0,NS
145,"(2, 2) NS",0.0,NS
145,"(2, 3) NS",0.0,NS
145,"(3, 1) NS",0.0,NS
145,"(3, 2) NS",0.0,NS
145,"(3, 3) NS",0.0,NS
145,"(4, 1) NS",0.0,NS
145,"(4, 2) NS",0.0,NS
145,"(4, 3) NS",0.0,NS
146,"(1, 1) NS",0.0,NS
146,"(1, 2) NS",0.0,NS
146,"(1, 3) NS",0.0,NS
146,"(2, 1) NS",0.0,NS
146,"(2, 2) NS",0.0,NS
146,"(2, 3) NS",1.0,NS
146,"(3, 1) NS",0.0,NS
146,"(3, 2) NS",0.0,NS
146,"(3, 3) NS",0.0,NS
146,"(4, 1) NS",0.0,NS
146,"(4, 2) NS",0.0,NS
146,"(4, 3) NS",0.0,NS
147,"(1, 1) NS",0.0,NS
147,"(1, 2) NS",0.0,NS
147,"(1, 3) NS",1.0,NS
147,"(2, 1) NS",0.0,NS
147,"(2, 2) NS",0.0,NS
147,"(2, 3) NS",0.0,NS
147,"(3, 1) NS",0.0,NS
147,"(3, 2) NS",0.0,NS
147,"(3, 3) NS",0.0,NS
147,"(4, 1) NS",0.0,NS
147,"(4, 2) NS",0.0,NS
147,"(4, 3) NS",0.0,NS
148,"(1, 1) NS",0.0,NS
148,"(1, 2) NS",0.0,NS
148,"(1, 3) NS",1.0,NS
148,"(2, 1) NS",0.0,NS
148,"(2, 2) NS",0.0,NS
148,"(2, 3) NS",0.0,NS
148,"(3, 1) NS",0.0,NS
148,"(3, 2) NS",0.0,NS
148,"(3, 3) NS",0.0,NS
148,"(4, 1) NS",0.0,NS
148,"(4, 2) NS",0.0,NS
148,"(4, 3) NS",0.0,NS
149,"(1, 1) NS",0.0,NS
149,"(1, 2) NS",0.0,NS
149,"(1, 3) NS",1.0,NS
149,"(2, 1) NS",0.0,NS
149,"(2, 2) NS",0.0,NS
149,"(2, 3) NS",0.0,NS
149,"(3, 1) NS",0.0,NS
149,"(3, 2) NS",0.0,NS
149,"(3, 3) NS",0.0,NS
149,"(4, 1) NS",0.0,NS
149,"(4, 2) NS",0.0,NS
149,"(4, 3) NS",0.0,NS
150,"(1, 1) NS",0.0,NS
150,"(1, 2) NS",0.0,NS
150,"(1, 3) NS",0.0,NS
150,"(2, 1) NS",0.0,NS
150,"(2, 2) NS",0.0,NS
150,"(2, 3) NS",1.0,NS
150,"(3, 1) NS",0.0,NS
150,"(3, 2) NS",0.0,NS
150,"(3, 3) NS",0.0,NS
150,"(4, 1) NS",0.0,NS
150,"(4, 2) NS",0.0,NS
150,"(4, 3) NS",0.0,NS
151,"(1, 1) NS",0.0,NS
151,"(1, 2) NS",0.0,NS
151,"(1, 3) NS",0.0,NS
151,"(2, 1) NS",0.0,NS
151,"(2, 2) NS",0.0,NS
151,"(2, 3) NS",1.0,NS
151,"(3, 1) NS",0.0,NS
151,"(3, 2) NS",0.0,NS
151,"(3, 3) NS",0.0,NS
151,"(4, 1) NS",0.0,NS
151,"(4, 2) NS",0.0,NS
151,"(4, 3) NS",0.0,NS
152,"(1, 1) ON",0.0,ON
152,"(1, 2) ON",0.0,ON
152,"(1, 3) ON",0.0,ON
152,"(2, 1) ON",0.0,ON
152,"(2, 2) ON",0.0,ON
152,"(2, 3) ON",1.0,ON
152,"(3, 1) ON",0.0,ON
152,"(3, 2) ON",0.0,ON
152,"(3, 3) ON",0.0,ON
152,"(4, 1) ON",0.0,ON
152,"(4, 2) ON",0.0,ON
152,"(4, 3) ON",0.0,ON
153,"(1, 1) ON",0.0,ON
153,"(1, 2) ON",0.0,ON
153,"(1, 3) ON",0.0,ON
153,"(2, 1) ON",0.0,ON
153,"(2, 2) ON",0.0,ON
153,"(2, 3) ON",1.0,ON
153,"(3, 1) ON",0.0,ON
153,"(3, 2) ON",0.0,ON
153,"(3, 3) ON",0.0,ON
153,"(4, 1) ON",0.0,ON
153,"(4, 2) ON",0.0,ON
153,"(4, 3) ON",0.0,ON
154,"(1, 1) ON",0.0,ON
154,"(1, 2) ON",0.0,ON
154,"(1, 3) ON",0.0,ON
154,"(2, 1) ON",0.0,ON
154,"(2, 2) ON",0.0,ON
154,"(2, 3) ON",0.0,ON
154,"(3, 1) ON",0.0,ON
154,"(3, 2) ON",0.0,ON
154,"(3, 3) ON",0.0,ON
154,"(4, 1) ON",0.0,ON
154,"(4, 2) ON",1.0,ON
154,"(4, 3) ON",0.0,ON
155,"(1, 1) ON",0.0,ON
155,"(1, 2) ON",0.0,ON
155,"(1, 3) ON",0.0,ON
155,"(2, 1) ON",0.0,ON
155,"(2, 2) ON",1.0,ON
155,"(2, 3) ON",0.0,ON
155,"(3, 1) ON",0.0,ON
155,"(3, 2) ON",0.0,ON
155,"(3, 3) ON",0.0,ON
155,"(4, 1) ON",0.0,ON
155,"(4, 2) ON",0.0,ON
155,"(4, 3) ON",0.0,ON
156,"(1, 1) ON",0.0,ON
156,"(1, 2) ON",0.0,ON
156,"(1, 3) ON",0.0,ON
156,"(2, 1) ON",0.0,ON
156,"(2, 2) ON",0.0,ON
156,"(2, 3) ON",0.0,ON
156,"(3, 1) ON",0.0,ON
156,"(3, 2) ON",0.0,ON
156,"(3, 3) ON",0.0,ON
156,"(4, 1) ON",0.0,ON
156,"(4, 2) ON",1.0,ON
156,"(4, 3) ON",0.0,ON
157,"(1, 1) ON",0.0,ON
157,"(1, 2) ON",0.0,ON
157,"(1, 3) ON",0.0,ON
157,"(2, 1) ON",0.0,ON
157,"(2, 2) ON",0.0,ON
157,"(2, 3) ON",0.0,ON
157,"(3, 1) ON",0.0,ON
157,"(3, 2) ON",0.0,ON
157,"(3, 3) ON",0.0,ON
157,"(4, 1) ON",0.0,ON
157,"(4, 2) ON",0.0,ON
157,"(4, 3) ON",1.0,ON
158,"(1, 1) ON",0.0,ON
158,"(1, 2) ON",0.0,ON
158,"(1, 3) ON",0.0,ON
158,"(2, 1) ON",0.0,ON
158,"(2, 2) ON",0.0,ON
158,"(2, 3) ON",0.0,ON
158,"(3, 1) ON",0.0,ON
158,"(3, 2) ON",0.0,ON
158,"(3, 3) ON",0.0,ON
158,"(4, 1) ON",0.0,ON
158,"(4, 2) ON",0.0,ON
158,"(4, 3) ON",1.0,ON
159,"(1, 1) ON",0.0,ON
159,"(1, 2) ON",0.0,ON
159,"(1, 3) ON",0.0,ON
159,"(2, 1) ON",0.0,ON
159,"(2, 2) ON",0.0,ON
159,"(2, 3) ON",1.0,ON
159,"(3, 1) ON",0.0,ON
159,"(3, 2) ON",0.0,ON
159,"(3, 3) ON",0.0,ON
159,"(4, 1) ON",0.0,ON
159,"(4, 2) ON",0.0,ON
159,"(4, 3) ON",0.0,ON
160,"(1, 1) ON",0.0,ON
160,"(1, 2) ON",0.0,ON
160,"(1, 3) ON",0.0,ON
160,"(2, 1) ON",0.0,ON
160,"(2, 2) ON",0.0,ON
160,"(2, 3) ON",1.0,ON
160,"(3, 1) ON",0.0,ON
160,"(3, 2) ON",0.0,ON
160,"(3, 3) ON",0.0,ON
160,"(4, 1) ON",0.0,ON
160,"(4, 2) ON",0.0,ON
160,"(4, 3) ON",0.0,ON
161,"(1, 1) ON",0.0,ON
161,"(1, 2) ON",1.0,ON
161,"(1, 3) ON",0.0,ON
161,"(2, 1) ON",0.0,ON
161,"(2, 2) ON",0.0,ON
161,"(2, 3) ON",0.0,ON
161,"(3, 1) ON",0.0,ON
161,"(3, 2) ON",0.0,ON
161,"(3, 3) ON",0.0,ON
161,"(4, 1) ON",0.0,ON
161,"(4, 2) ON",0.0,ON
161,"(4, 3) ON",0.0,ON
162,"(1, 1) ON",0.0,ON
162,"(1, 2) ON",0.0,ON
162,"(1, 3) ON",0.0,ON
162,"(2, 1) ON",0.0,ON
162,"(2, 2) ON",1.0,ON
162,"(2, 3) ON",0.0,ON
162,"(3, 1) ON",0.0,ON
162,"(3, 2) ON",0.0,ON
162,"(3, 3) ON",0.0,ON
162,"(4, 1) ON",0.0,ON
162,"(4, 2) ON",0.0,ON
162,"(4, 3) ON",0.0,ON
163,"(1, 1) ON",0.0,ON
163,"(1, 2) ON",0.0,ON
163,"(1, 3) ON",0.0,ON
163,"(2, 1) ON",0.0,ON
163,"(2, 2) ON",0.0,ON
163,"(2, 3) ON",1.0,ON
163,"(3, 1) ON",0.0,ON
163,"(3, 2) ON",0.0,ON
163,"(3, 3) ON",0.0,ON
163,"(4, 1) ON",0.0,ON
163,"(4, 2) ON",0.0,ON
163,"(4, 3) ON",0.0,ON
164,"(1, 1) ON",0.0,ON
164,"(1, 2) ON",0.0,ON
164,"(1, 3) ON",0.0,ON
164,"(2, 1) ON",0.0,ON
164,"(2, 2) ON",0.0,ON
164,"(2, 3) ON",0.0,ON
164,"(3, 1) ON",0.0,ON
164,"(3, 2) ON",0.0,ON
164,"(3, 3) ON",1.0,ON
164,"(4, 1) ON",0.0,ON
164,"(4, 2) ON",0.0,ON
164,"(4, 3) ON",0.0,ON
165,"(1, 1) ON",0.0,ON
165,"(1, 2) ON",0.0,ON
165,"(1, 3) ON",0.0,ON
165,"(2, 1) ON",0.0,ON
165,"(2, 2) ON",0.0,ON
165,"(2, 3) ON",0.0,ON
165,"(3, 1) ON",0.0,ON
165,"(3, 2) ON",0.0,ON
165,"(3, 3) ON",0.0,ON
165,"(4, 1) ON",0.0,ON
165,"(4, 2) ON",0.0,ON
165,"(4, 3) ON",1.0,ON
166,"(1, 1) ON",0.0,ON
166,"(1, 2) ON",0.0,ON
166,"(1, 3) ON",0.0,ON
166,"(2, 1) ON",0.0,ON
166,"(2, 2) ON",0.0,ON
166,"(2, 3) ON",0.0,ON
166,"(3, 1) ON",0.0,ON
166,"(3, 2) ON",0.0,ON
166,"(3, 3) ON",0.0,ON
166,"(4, 1) ON",0.0,ON
166,"(4, 2) ON",0.0,ON
166,"(4, 3) ON",1.0,ON
167,"(1, 1) ON",0.0,ON
167,"(1, 2) ON",0.0,ON
167,"(1, 3) ON",0.0,ON
167,"(2, 1) ON",0.0,ON
167,"(2, 2) ON",0.0,ON
167,"(2, 3) ON",0.0,ON
167,"(3, 1) ON",0.0,ON
167,"(3, 2) ON",0.0,ON
167,"(3, 3) ON",0.0,ON
167,"(4, 1) ON",0.0,ON
167,"(4, 2) ON",1.0,ON
167,"(4, 3) ON",0.0,ON
168,"(1, 1) ON",0.0,ON
168,"(1, 2) ON",0.0,ON
168,"(1, 3) ON",0.0,ON
168,"(2, 1) ON",0.0,ON
168,"(2, 2) ON",0.0,ON
168,"(2, 3) ON",0.0,ON
168,"(3, 1) ON",0.0,ON
168,"(3, 2) ON",0.0,ON
168,"(3, 3) ON",0.0,ON
168,"(4, 1) ON",0.0,ON
168,"(4, 2) ON",1.0,ON
168,"(4, 3) ON",0.0,ON
169,"(1, 1) ON",0.0,ON
169,"(1, 2) ON",0.0,ON
169,"(1, 3) ON",0.0,ON
169,"(2, 1) ON",0.0,ON
169,"(2, 2) ON",1.0,ON
169,"(2, 3) ON",0.0,ON
169,"(3, 1) ON",0.0,ON
169,"(3, 2) ON",0.0,ON
169,"(3, 3) ON",0.0,ON
169,"(4, 1) ON",0.0,ON
169,"(4, 2) ON",0.0,ON
169,"(4, 3) ON",0.0,ON
170,"(1, 1) ON",0.0,ON
170,"(1, 2) ON",0.0,ON
170,"(1, 3) ON",0.0,ON
170,"(2, 1) ON",0.0,ON
170,"(2, 2) ON",0.0,ON
170,"(2, 3) ON",0.0,ON
170,"(3, 1) ON",0.0,ON
170,"(3, 2) ON",0.0,ON
170,"(3, 3) ON",1.0,ON
170,"(4, 1) ON",0.0,ON
170,"(4, 2) ON",0.0,ON
170,"(4, 3) ON",0.0,ON
171,"(1, 1) ON",0.0,ON
171,"(1, 2) ON",0.0,ON
171,"(1, 3) ON",0.0,ON
171,"(2, 1) ON",0.0,ON
171,"(2, 2) ON",0.0,ON
171,"(2, 3) ON",0.0,ON
171,"(3, 1) ON",0.0,ON
171,"(3, 2) ON",0.0,ON
171,"(3, 3) ON",0.0,ON
171,"(4, 1) ON",0.0,ON
171,"(4, 2) ON",1.0,ON
171,"(4, 3) ON",0.0,ON
172,"(1, 1) ON",0.0,ON
172,"(1, 2) ON",0.0,ON
172,"(1, 3) ON",0.0,ON
172,"(2, 1) ON",0.0,ON
172,"(2, 2) ON",0.0,ON
172,"(2, 3) ON",0.0,ON
172,"(3, 1) ON",0.0,ON
172,"(3, 2) ON",0.0,ON
172,"(3, 3) ON",0.0,ON
172,"(4, 1) ON",0.0,ON
172,"(4, 2) ON",1.0,ON
172,"(4, 3) ON",0.0,ON
173,"(1, 1) ON",0.0,ON
173,"(1, 2) ON",0.0,ON
173,"(1, 3) ON",0.0,ON
173,"(2, 1) ON",0.0,ON
173,"(2, 2) ON",0.0,ON
173,"(2, 3) ON",0.0,ON
173,"(3, 1) ON",0.0,ON
173,"(3, 2) ON",0.0,ON
173,"(3, 3) ON",1.0,ON
173,"(4, 1) ON",0.0,ON
173,"(4, 2) ON",0.0,ON
173,"(4, 3) ON",0.0,ON
174,"(1, 1) ON",0.0,ON
174,"(1, 2) ON",0.0,ON
174,"(1, 3) ON",0.0,ON
174,"(2, 1) ON",0.0,ON
174,"(2, 2) ON",0.0,ON
174,"(2, 3) ON",0.0,ON
174,"(3, 1) ON",0.0,ON
174,"(3, 2) ON",0.0,ON
174,"(3, 3) ON",0.0,ON
174,"(4, 1) ON",0.0,ON
174,"(4, 2) ON",1.0,ON
174,"(4, 3) ON",0.0,ON
175,"(1, 1) ON",0.0,ON
175,"(1, 2) ON",0.0,ON
175,"(1, 3) ON",0.0,ON
175,"(2, 1) ON",0.0,ON
175,"(2, 2) ON",0.0,ON
175,"(2, 3) ON",0.0,ON
175,"(3, 1) ON",0.0,ON
175,"(3, 2) ON",0.0,ON
175,"(3, 3) ON",0.0,ON
175,"(4, 1) ON",0.0,ON
175,"(4, 2) ON",0.0,ON
175,"(4, 3) ON",1.0,ON
176,"(1, 1) ON",0.0,ON
176,"(1, 2) ON",0.0,ON
176,"(1, 3) ON",0.0,ON
176,"(2, 1) ON",0.0,ON
176,"(2, 2) ON",0.0,ON
176,"(2, 3) ON",0.0,ON
176,"(3, 1) ON",0.0,ON
176,"(3, 2) ON",0.0,ON
176,"(3, 3) ON",1.0,ON
176,"(4, 1) ON",0.0,ON
176,"(4, 2) ON",0.0,ON
176,"(4, 3) ON",0.0,ON
177,"(1, 1) ON",0.0,ON
177,"(1, 2) ON",0.0,ON
177,"(1, 3) ON",0.0,ON
177,"(2, 1) ON",0.0,ON
177,"(2, 2) ON",0.0,ON
177,"(2, 3) ON",1.0,ON
177,"(3, 1) ON",0.0,ON
177,"(3, 2) ON",0.0,ON
177,"(3, 3) ON",0.0,ON
177,"(4, 1) ON",0.0,ON
177,"(4, 2) ON",0.0,ON
177,"(4, 3) ON",0.0,ON
178,"(1, 1) ON",0.0,ON
178,"(1, 2) ON",0.0,ON
178,"(1, 3) ON",0.0,ON
178,"(2, 1) ON",0.0,ON
178,"(2, 2) ON",0.0,ON
178,"(2, 3) ON",0.0,ON
178,"(3, 1) ON",0.0,ON
178,"(3, 2) ON",0.0,ON
178,"(3, 3) ON",0.0,ON
178,"(4, 1) ON",0.0,ON
178,"(4, 2) ON",1.0,ON
178,"(4, 3) ON",0.0,ON
179,"(1, 1) ON",0.0,ON
179,"(1, 2) ON",0.0,ON
179,"(1, 3) ON",0.0,ON
179,"(2, 1) ON",0.0,ON
179,"(2, 2) ON",0.0,ON
179,"(2, 3) ON",0.0,ON
179,"(3, 1) ON",0.0,ON
179,"(3, 2) ON",0.0,ON
179,"(3, 3) ON",1.0,ON
179,"(4, 1) ON",0.0,ON
179,"(4, 2) ON",0.0,ON
179,"(4, 3) ON",0.0,ON
180,"(1, 1) ON",0.0,ON
180,"(1, 2) ON",0.0,ON
180,"(1, 3) ON",0.0,ON
180,"(2, 1) ON",0.0,ON
180,"(2, 2) ON",1.0,ON
180,"(2, 3) ON",0.0,ON
180,"(3, 1) ON",0.0,ON
180,"(3, 2) ON",0.0,ON
180,"(3, 3) ON",0.0,ON
180,"(4, 1) ON",0.0,ON
180,"(4, 2) ON",0.0,ON
180,"(4, 3) ON",0.0,ON
181,"(1, 1) ON",0.0,ON
181,"(1, 2) ON",0.0,ON
181,"(1, 3) ON",0.0,ON
181,"(2, 1) ON",0.0,ON
181,"(2, 2) ON",1.0,ON
181,"(2, 3) ON",0.0,ON
181,"(3, 1) ON",0.0,ON
181,"(3, 2) ON",0.0,ON
181,"(3, 3) ON",0.0,ON
181,"(4, 1) ON",0.0,ON
181,"(4, 2) ON",0.0,ON
181,"(4, 3) ON",0.0,ON
182,"(1, 1) ON",0.0,ON
182,"(1, 2) ON",0.0,ON
182,"(1, 3) ON",0.0,ON
182,"(2, 1) ON",0.0,ON
182,"(2, 2) ON",0.0,ON
182,"(2, 3) ON",0.0,ON
182,"(3, 1) ON",0.0,ON
182,"(3, 2) ON",0.0,ON
182,"(3, 3) ON",1.0,ON
182,"(4, 1) ON",0.0,ON
182,"(4, 2) ON",0.0,ON
182,"(4, 3) ON",0.0,ON
183,"(1, 1) ON",0.0,ON
183,"(1, 2) ON",0.0,ON
183,"(1, 3) ON",0.0,ON
183,"(2, 1) ON",0.0,ON
183,"(2, 2) ON",0.0,ON
183,"(2, 3) ON",0.0,ON
183,"(3, 1) ON",0.0,ON
183,"(3, 2) ON",0.0,ON
183,"(3, 3) ON",0.0,ON
183,"(4, 1) ON",0.0,ON
183,"(4, 2) ON",0.0,ON
183,"(4, 3) ON",1.0,ON
184,"(1, 1) ON",0.0,ON
184,"(1, 2) ON",0.0,ON
184,"(1, 3) ON",0.0,ON
184,"(2, 1) ON",0.0,ON
184,"(2, 2) ON",0.0,ON
184,"(2, 3) ON",0.0,ON
184,"(3, 1) ON",0.0,ON
184,"(3, 2) ON",0.0,ON
184,"(3, 3) ON",0.0,ON
184,"(4, 1) ON",0.0,ON
184,"(4, 2) ON",1.0,ON
184,"(4, 3) ON",0.0,ON
185,"(1, 1) ON",0.0,ON
185,"(1, 2) ON",0.0,ON
185,"(1, 3) ON",0.0,ON
185,"(2, 1) ON",0.0,ON
185,"(2, 2) ON",0.0,ON
185,"(2, 3) ON",0.0,ON
185,"(3, 1) ON",0.0,ON
185,"(3, 2) ON",0.0,ON
185,"(3, 3) ON",0.0,ON
185,"(4, 1) ON",0.0,ON
185,"(4, 2) ON",1.0,ON
185,"(4, 3) ON",0.0,ON
186,"(1, 1) ON",0.0,ON
186,"(1, 2) ON",0.0,ON
186,"(1, 3) ON",0.0,ON
186,"(2, 1) ON",0.0,ON
186,"(2, 2) ON",0.0,ON
186,"(2, 3) ON",1.0,ON
186,"(3, 1) ON",0.0,ON
186,"(3, 2) ON",0.0,ON
186,"(3, 3) ON",0.0,ON
186,"(4, 1) ON",0.0,ON
186,"(4, 2) ON",0.0,ON
186,"(4, 3) ON",0.0,ON
187,"(1, 1) ON",0.0,ON
187,"(1, 2) ON",0.0,ON
187,"(1, 3) ON",0.0,ON
187,"(2, 1) ON",0.0,ON
187,"(2, 2) ON",0.0,ON
187,"(2, 3) ON",0.0,ON
187,"(3, 1) ON",0.0,ON
187,"(3, 2) ON",0.0,ON
187,"(3, 3) ON",0.0,ON
187,"(4, 1) ON",0.0,ON
187,"(4, 2) ON",0.0,ON
187,"(4, 3) ON",1.0,ON
188,"(1, 1) ON",0.0,ON
188,"(1, 2) ON",0.0,ON
188,"(1, 3) ON",0.0,ON
188,"(2, 1) ON",0.0,ON
188,"(2, 2) ON",0.0,ON
188,"(2, 3) ON",1.0,ON
188,"(3, 1) ON",0.0,ON
188,"(3, 2) ON",0.0,ON
188,"(3, 3) ON",0.0,ON
188,"(4, 1) ON",0.0,ON
188,"(4, 2) ON",0.0,ON
188,"(4, 3) ON",0.0,ON
189,"(1, 1) ON",0.0,ON
189,"(1, 2) ON",1.0,ON
189,"(1, 3) ON",0.0,ON
189,"(2, 1) ON",0.0,ON
189,"(2, 2) ON",0.0,ON
189,"(2, 3) ON",0.0,ON
189,"(3, 1) ON",0.0,ON
189,"(3, 2) ON",0.0,ON
189,"(3, 3) ON",0.0,ON
189,"(4, 1) ON",0.0,ON
189,"(4, 2) ON",0.0,ON
189,"(4, 3) ON",0.0,ON
190,"(1, 1) ON",0.0,ON
190,"(1, 2) ON",0.0,ON
190,"(1, 3) ON",0.0,ON
190,"(2, 1) ON",0.0,ON
190,"(2, 2) ON",0.0,ON
190,"(2, 3) ON",0.0,ON
190,"(3, 1) ON",0.0,ON
190,"(3, 2) ON",0.0,ON
190,"(3, 3) ON",0.0,ON
190,"(4, 1) ON",0.0,ON
190,"(4, 2) ON",0.0,ON
190,"(4, 3) ON",1.0,ON
191,"(1, 1) ON",0.0,ON
191,"(1, 2) ON",0.0,ON
191,"(1, 3) ON",0.0,ON
191,"(2, 1) ON",0.0,ON
191,"(2, 2) ON",0.0,ON
191,"(2, 3) ON",1.0,ON
191,"(3, 1) ON",0.0,ON
191,"(3, 2) ON",0.0,ON
191,"(3, 3) ON",0.0,ON
191,"(4, 1) ON",0.0,ON
191,"(4, 2) ON",0.0,ON
191,"(4, 3) ON",0.0,ON
192,"(1, 1) ON",0.0,ON
192,"(1, 2) ON",0.0,ON
192,"(1, 3) ON",0.0,ON
192,"(2, 1) ON",0.0,ON
192,"(2, 2) ON",0.0,ON
192,"(2, 3) ON",0.0,ON
192,"(3, 1) ON",0.0,ON
192,"(3, 2) ON",0.0,ON
192,"(3, 3) ON",1.0,ON
192,"(4, 1) ON",0.0,ON
192,"(4, 2) ON",0.0,ON
192,"(4, 3) ON",0.0,ON
193,"(1, 1) ON",0.0,ON
193,"(1, 2) ON",0.0,ON
193,"(1, 3) ON",0.0,ON
193,"(2, 1) ON",0.0,ON
193,"(2, 2) ON",0.0,ON
193,"(2, 3) ON",0.0,ON
193,"(3, 1) ON",0.0,ON
193,"(3, 2) ON",0.0,ON
193,"(3, 3) ON",0.0,ON
193,"(4, 1) ON",0.0,ON
193,"(4, 2) ON",1.0,ON
193,"(4, 3) ON",0.0,ON
194,"(1, 1) ON",0.0,ON
194,"(1, 2) ON",0.0,ON
194,"(1, 3) ON",0.0,ON
194,"(2, 1) ON",0.0,ON
194,"(2, 2) ON",0.0,ON
194,"(2, 3) ON",0.0,ON
194,"(3, 1) ON",0.0,ON
194,"(3, 2) ON",0.0,ON
194,"(3, 3) ON",0.0,ON
194,"(4, 1) ON",0.0,ON
194,"(4, 2) ON",1.0,ON
194,"(4, 3) ON",0.0,ON
195,"(1, 1) ON",0.0,ON
195,"(1, 2) ON",1.0,ON
195,"(1, 3) ON",0.0,ON
195,"(2, 1) ON",0.0,ON
195,"(2, 2) ON",0.0,ON
195,"(2, 3) ON",0.0,ON
195,"(3, 1) ON",0.0,ON
195,"(3, 2) ON",0.0,ON
195,"(3, 3) ON",0.0,ON
195,"(4, 1) ON",0.0,ON
195,"(4, 2) ON",0.0,ON
195,"(4, 3) ON",0.0,ON
196,"(1, 1) ON",0.0,ON
196,"(1, 2) ON",0.0,ON
196,"(1, 3) ON",0.0,ON
196,"(2, 1) ON",0.0,ON
196,"(2, 2) ON",0.0,ON
196,"(2, 3) ON",0.0,ON
196,"(3, 1) ON",0.0,ON
196,"(3, 2) ON",0.0,ON
196,"(3, 3) ON",0.0,ON
196,"(4, 1) ON",0.0,ON
196,"(4, 2) ON",1.0,ON
196,"(4, 3) ON",0.0,ON
197,"(1, 1) ON",0.0,ON
197,"(1, 2) ON",0.0,ON
197,"(1, 3) ON",0.0,ON
197,"(2, 1) ON",0.0,ON
197,"(2, 2) ON",0.0,ON
197,"(2, 3) ON",0.0,ON
197,"(3, 1) ON",0.0,ON
197,"(3, 2) ON",0.0,ON
197,"(3, 3) ON",0.0,ON
197,"(4, 1) ON",0.0,ON
197,"(4, 2) ON",1.0,ON
197,"(4, 3) ON",0.0,ON
198,"(1, 1) ON",0.0,ON
198,"(1, 2) ON",0.0,ON
198,"(1, 3) ON",0.0,ON
198,"(2, 1) ON",0.0,ON
198,"(2, 2) ON",0.0,ON
198,"(2, 3) ON",0.0,ON
198,"(3, 1) ON",0.0,ON
198,"(3, 2) ON",0.0,ON
198,"(3, 3) ON",1.0,ON
198,"(4, 1) ON",0.0,ON
198,"(4, 2) ON",0.0,ON
198,"(4, 3) ON",0.0,ON
199,"(1, 1) ON",0.0,ON
199,"(1, 2) ON",0.0,ON
199,"(1, 3) ON",0.0,ON
199,"(2, 1) ON",0.0,ON
199,"(2, 2) ON",0.0,ON
199,"(2, 3) ON",0.0,ON
199,"(3, 1) ON",0.0,ON
199,"(3, 2) ON",0.0,ON
199,"(3, 3) ON",1.0,ON
199,"(4, 1) ON",0.0,ON
199,"(4, 2) ON",0.0,ON
199,"(4, 3) ON",0.0,ON
200,"(1, 1) ON",0.0,ON
200,"(1, 2) ON",0.0,ON
200,"(1, 3) ON",0.0,ON
200,"(2, 1) ON",0.0,ON
200,"(2, 2) ON",0.0,ON
200,"(2, 3) ON",0.0,ON
200,"(3, 1) ON",0.0,ON
200,"(3, 2) ON",0.0,ON
200,"(3, 3) ON",0.0,ON
200,"(4, 1) ON",0.0,ON
200,"(4, 2) ON",0.0,ON
200,"(4, 3) ON",1.0,ON
201,"(1, 1) ON",0.0,ON
201,"(1, 2) ON",0.0,ON
201,"(1, 3) ON",0.0,ON
201,"(2, 1) ON",0.0,ON
201,"(2, 2) ON",0.0,ON
201,"(2, 3) ON",0.0,ON
201,"(3, 1) ON",0.0,ON
201,"(3, 2) ON",0.0,ON
201,"(3, 3) ON",0.0,ON
201,"(4, 1) ON",0.0,ON
201,"(4, 2) ON",1.0,ON
201,"(4, 3) ON",0.0,ON
202,"(1, 1) ON",0.0,ON
202,"(1, 2) ON",0.0,ON
202,"(1, 3) ON",0.0,ON
202,"(2, 1) ON",0.0,ON
202,"(2, 2) ON",1.0,ON
202,"(2, 3) ON",0.0,ON
202,"(3, 1) ON",0.0,ON
202,"(3, 2) ON",0.0,ON
202,"(3, 3) ON",0.0,ON
202,"(4, 1) ON",0.0,ON
202,"(4, 2) ON",0.0,ON
202,"(4, 3) ON",0.0,ON
203,"(1, 1) ON",0.0,ON
203,"(1, 2) ON",0.0,ON
203,"(1, 3) ON",0.0,ON
203,"(2, 1) ON",0.0,ON
203,"(2, 2) ON",0.0,ON
203,"(2, 3) ON",1.0,ON
203,"(3, 1) ON",0.0,ON
203,"(3, 2) ON",0.0,ON
203,"(3, 3) ON",0.0,ON
203,"(4, 1) ON",0.0,ON
203,"(4, 2) ON",0.0,ON
203,"(4, 3) ON",0.0,ON
204,"(1, 1) ON",0.0,ON
204,"(1, 2) ON",0.0,ON
204,"(1, 3) ON",0.0,ON
204,"(2, 1) ON",0.0,ON
204,"(2, 2) ON",0.0,ON
204,"(2, 3) ON",1.0,ON
204,"(3, 1) ON",0.0,ON
204,"(3, 2) ON",0.0,ON
204,"(3, 3) ON",0.0,ON
204,"(4, 1) ON",0.0,ON
204,"(4, 2) ON",0.0,ON
204,"(4, 3) ON",0.0,ON
205,"(1, 1) ON",0.0,ON
205,"(1, 2) ON",0.0,ON
205,"(1, 3) ON",0.0,ON
205,"(2, 1) ON",0.0,ON
205,"(2, 2) ON",1.0,ON
205,"(2, 3) ON",0.0,ON
205,"(3, 1) ON",0.0,ON
205,"(3, 2) ON",0.0,ON
205,"(3, 3) ON",0.0,ON
205,"(4, 1) ON",0.0,ON
205,"(4, 2) ON",0.0,ON
205,"(4, 3) ON",0.0,ON
206,"(1, 1) ON",0.0,ON
206,"(1, 2) ON",0.0,ON
206,"(1, 3) ON",0.0,ON
206,"(2, 1) ON",0.0,ON
206,"(2, 2) ON",1.0,ON
206,"(2, 3) ON",0.0,ON
206,"(3, 1) ON",0.0,ON
206,"(3, 2) ON",0.0,ON
206,"(3, 3) ON",0.0,ON
206,"(4, 1) ON",0.0,ON
206,"(4, 2) ON",0.0,ON
206,"(4, 3) ON",0.0,ON
207,"(1, 1) ON",0.0,ON
207,"(1, 2) ON",0.0,ON
207,"(1, 3) ON",0.0,ON
207,"(2, 1) ON",0.0,ON
207,"(2, 2) ON",1.0,ON
207,"(2, 3) ON",0.0,ON
207,"(3, 1) ON",0.0,ON
207,"(3, 2) ON",0.0,ON
207,"(3, 3) ON",0.0,ON
207,"(4, 1) ON",0.0,ON
207,"(4, 2) ON",0.0,ON
207,"(4, 3) ON",0.0,ON
208,"(1, 1) ON",0.0,ON
208,"(1, 2) ON",0.0,ON
208,"(1, 3) ON",0.0,ON
208,"(2, 1) ON",0.0,ON
208,"(2, 2) ON",0.0,ON
208,"(2, 3) ON",0.0,ON
208,"(3, 1) ON",0.0,ON
208,"(3, 2) ON",0.0,ON
208,"(3, 3) ON",0.0,ON
208,"(4, 1) ON",0.0,ON
208,"(4, 2) ON",0.0,ON
208,"(4, 3) ON",1.0,ON
209,"(1, 1) ON",0.0,ON
209,"(1, 2) ON",0.0,ON
209,"(1, 3) ON",0.0,ON
209,"(2, 1) ON",0.0,ON
209,"(2, 2) ON",0.0,ON
209,"(2, 3) ON",0.0,ON
209,"(3, 1) ON",0.0,ON
209,"(3, 2) ON",0.0,ON
209,"(3, 3) ON",0.0,ON
209,"(4, 1) ON",0.0,ON
209,"(4, 2) ON",0.0,ON
209,"(4, 3) ON",1.0,ON
210,"(1, 1) ON",0.0,ON
210,"(1, 2) ON",0.0,ON
210,"(1, 3) ON",0.0,ON
210,"(2, 1) ON",0.0,ON
210,"(2, 2) ON",0.0,ON
210,"(2, 3) ON",0.0,ON
210,"(3, 1) ON",0.0,ON
210,"(3, 2) ON",0.0,ON
210,"(3, 3) ON",0.0,ON
210,"(4, 1) ON",0.0,ON
210,"(4, 2) ON",0.0,ON
210,"(4, 3) ON",1.0,ON
211,"(1, 1) ON",0.0,ON
211,"(1, 2) ON",0.0,ON
211,"(1, 3) ON",0.0,ON
211,"(2, 1) ON",0.0,ON
211,"(2, 2) ON",1.0,ON
211,"(2, 3) ON",0.0,ON
211,"(3, 1) ON",0.0,ON
211,"(3, 2) ON",0.0,ON
211,"(3, 3) ON",0.0,ON
211,"(4, 1) ON",0.0,ON
211,"(4, 2) ON",0.0,ON
211,"(4, 3) ON",0.0,ON
212,"(1, 1) ON",0.0,ON
212,"(1, 2) ON",0.0,ON
212,"(1, 3) ON",0.0,ON
212,"(2, 1) ON",0.0,ON
212,"(2, 2) ON",0.0,ON
212,"(2, 3) ON",0.0,ON
212,"(3, 1) ON",0.0,ON
212,"(3, 2) ON",0.0,ON
212,"(3, 3) ON",0.0,ON
212,"(4, 1) ON",0.0,ON
212,"(4, 2) ON",1.0,ON
212,"(4, 3) ON",0.0,ON
213,"(1, 1) ON",0.0,ON
213,"(1, 2) ON",0.0,ON
213,"(1, 3) ON",0.0,ON
213,"(2, 1) ON",0.0,ON
213,"(2, 2) ON",0.0,ON
213,"(2, 3) ON",0.0,ON
213,"(3, 1) ON",0.0,ON
213,"(3, 2) ON",0.0,ON
213,"(3, 3) ON",0.0,ON
213,"(4, 1) ON",0.0,ON
213,"(4, 2) ON",1.0,ON
213,"(4, 3) ON",0.0,ON
214,"(1, 1) ON",0.0,ON
214,"(1, 2) ON",0.0,ON
214,"(1, 3) ON",0.0,ON
214,"(2, 1) ON",0.0,ON
214,"(2, 2) ON",1.0,ON
214,"(2, 3) ON",0.0,ON
214,"(3, 1) ON",0.0,ON
214,"(3, 2) ON",0.0,ON
214,"(3, 3) ON",0.0,ON
214,"(4, 1) ON",0.0,ON
214,"(4, 2) ON",0.0,ON
214,"(4, 3) ON",0.0,ON
215,"(1, 1) ON",0.0,ON
215,"(1, 2) ON",0.0,ON
215,"(1, 3) ON",0.0,ON
215,"(2, 1) ON",0.0,ON
215,"(2, 2) ON",0.0,ON
215,"(2, 3) ON",0.0,ON
215,"(3, 1) ON",0.0,ON
215,"(3, 2) ON",0.0,ON
215,"(3, 3) ON",1.0,ON
215,"(4, 1) ON",0.0,ON
215,"(4, 2) ON",0.0,ON
215,"(4, 3) ON",0.0,ON
216,"(1, 1) ON",0.0,ON
216,"(1, 2) ON",0.0,ON
216,"(1, 3) ON",0.0,ON
216,"(2, 1) ON",0.0,ON
216,"(2, 2) ON",0.0,ON
216,"(2, 3) ON",0.0,ON
216,"(3, 1) ON",0.0,ON
216,"(3, 2) ON",0.0,ON
216,"(3, 3) ON",0.0,ON
216,"(4, 1) ON",0.0,ON
216,"(4, 2) ON",1.0,ON
216,"(4, 3) ON",0.0,ON
217,"(1, 1) ON",0.0,ON
217,"(1, 2) ON",0.0,ON
217,"(1, 3) ON",0.0,ON
217,"(2, 1) ON",0.0,ON
217,"(2, 2) ON",0.0,ON
217,"(2, 3) ON",1.0,ON
217,"(3, 1) ON",0.0,ON
217,"(3, 2) ON",0.0,ON
217,"(3, 3) ON",0.0,ON
217,"(4, 1) ON",0.0,ON
217,"(4, 2) ON",0.0,ON
217,"(4, 3) ON",0.0,ON
218,"(1, 1) ON",0.0,ON
218,"(1, 2) ON",0.0,ON
218,"(1, 3) ON",0.0,ON
218,"(2, 1) ON",0.0,ON
218,"(2, 2) ON",0.0,ON
218,"(2, 3) ON",0.0,ON
218,"(3, 1) ON",0.0,ON
218,"(3, 2) ON",0.0,ON
218,"(3, 3) ON",0.0,ON
218,"(4, 1) ON",0.0,ON
218,"(4, 2) ON",0.0,ON
218,"(4, 3) ON",1.0,ON
219,"(1, 1) ON",0.0,ON
219,"(1, 2) ON",0.0,ON
219,"(1, 3) ON",0.0,ON
219,"(2, 1) ON",0.0,ON
219,"(2, 2) ON",0.0,ON
219,"(2, 3) ON",0.0,ON
219,"(3, 1) ON",0.0,ON
219,"(3, 2) ON",0.0,ON
219,"(3, 3) ON",1.0,ON
219,"(4, 1) ON",0.0,ON
219,"(4, 2) ON",0.0,ON
219,"(4, 3) ON",0.0,ON
220,"(1, 1) ON",0.0,ON
220,"(1, 2) ON",0.0,ON
220,"(1, 3) ON",0.0,ON
220,"(2, 1) ON",0.0,ON
220,"(2, 2) ON",0.0,ON
220,"(2, 3) ON",1.0,ON
220,"(3, 1) ON",0.0,ON
220,"(3, 2) ON",0.0,ON
220,"(3, 3) ON",0.0,ON
220,"(4, 1) ON",0.0,ON
220,"(4, 2) ON",0.0,ON
220,"(4, 3) ON",0.0,ON
221,"(1, 1) ON",0.0,ON
221,"(1, 2) ON",0.0,ON
221,"(1, 3) ON",0.0,ON
221,"(2, 1) ON",0.0,ON
221,"(2, 2) ON",0.0,ON
221,"(2, 3) ON",0.0,ON
221,"(3, 1) ON",0.0,ON
221,"(3, 2) ON",0.0,ON
221,"(3, 3) ON",0.0,ON
221,"(4, 1) ON",0.0,ON
221,"(4, 2) ON",0.0,ON
221,"(4, 3) ON",1.0,ON
222,"(1, 1) ON",0.0,ON
222,"(1, 2) ON",0.0,ON
222,"(1, 3) ON",0.0,ON
222,"(2, 1) ON",0.0,ON
222,"(2, 2) ON",1.0,ON
222,"(2, 3) ON",0.0,ON
222,"(3, 1) ON",0.0,ON
222,"(3, 2) ON",0.0,ON
222,"(3, 3) ON",0.0,ON
222,"(4, 1) ON",0.0,ON
222,"(4, 2) ON",0.0,ON
222,"(4, 3) ON",0.0,ON
223,"(1, 1) ON",0.0,ON
223,"(1, 2) ON",0.0,ON
223,"(1, 3) ON",0.0,ON
223,"(2, 1) ON",0.0,ON
223,"(2, 2) ON",0.0,ON
223,"(2, 3) ON",0.0,ON
223,"(3, 1) ON",0.0,ON
223,"(3, 2) ON",0.0,ON
223,"(3, 3) ON",0.0,ON
223,"(4, 1) ON",0.0,ON
223,"(4, 2) ON",1.0,ON
223,"(4, 3) ON",0.0,ON
224,"(1, 1) ON",0.0,ON
224,"(1, 2) ON",0.0,ON
224,"(1, 3) ON",0.0,ON
224,"(2, 1) ON",0.0,ON
224,"(2, 2) ON",0.0,ON
224,"(2, 3) ON",0.0,ON
224,"(3, 1) ON",0.0,ON
224,"(3, 2) ON",0.0,ON
224,"(3, 3) ON",0.0,ON
224,"(4, 1) ON",0.0,ON
224,"(4, 2) ON",0.0,ON
224,"(4, 3) ON",1.0,ON
225,"(1, 1) ON",0.0,ON
225,"(1, 2) ON",0.0,ON
225,"(1, 3) ON",0.0,ON
225,"(2, 1) ON",0.0,ON
225,"(2, 2) ON",0.0,ON
225,"(2, 3) ON",0.0,ON
225,"(3, 1) ON",0.0,ON
225,"(3, 2) ON",0.0,ON
225,"(3, 3) ON",0.0,ON
225,"(4, 1) ON",0.0,ON
225,"(4, 2) ON",1.0,ON
225,"(4, 3) ON",0.0,ON
226,"(1, 1) ON",0.0,ON
226,"(1, 2) ON",0.0,ON
226,"(1, 3) ON",0.0,ON
226,"(2, 1) ON",0.0,ON
226,"(2, 2) ON",0.0,ON
226,"(2, 3) ON",0.0,ON
226,"(3, 1) ON",0.0,ON
226,"(3, 2) ON",0.0,ON
226,"(3, 3) ON",0.0,ON
226,"(4, 1) ON",0.0,ON
226,"(4, 2) ON",1.0,ON
226,"(4, 3) ON",0.0,ON
227,"(1, 1) ON",0.0,ON
227,"(1, 2) ON",0.0,ON
227,"(1, 3) ON",0.0,ON
227,"(2, 1) ON",0.0,ON
227,"(2, 2) ON",0.0,ON
227,"(2, 3) ON",0.0,ON
227,"(3, 1) ON",0.0,ON
227,"(3, 2) ON",0.0,ON
227,"(3, 3) ON",0.0,ON
227,"(4, 1) ON",0.0,ON
227,"(4, 2) ON",0.0,ON
227,"(4, 3) ON",1.0,ON
228,"(1, 1) ON",0.0,ON
228,"(1, 2) ON",0.0,ON
228,"(1, 3) ON",0.0,ON
228,"(2, 1) ON",0.0,ON
228,"(2, 2) ON",1.0,ON
228,"(2, 3) ON",0.0,ON
228,"(3, 1) ON",0.0,ON
228,"(3, 2) ON",0.0,ON
228,"(3, 3) ON",0.0,ON
228,"(4, 1) ON",0.0,ON
228,"(4, 2) ON",0.0,ON
228,"(4, 3) ON",0.0,ON
229,"(1, 1) ON",0.0,ON
229,"(1, 2) ON",0.0,ON
229,"(1, 3) ON",0.0,ON
229,"(2, 1) ON",0.0,ON
229,"(2, 2) ON",0.0,ON
229,"(2, 3) ON",0.0,ON
229,"(3, 1) ON",0.0,ON
229,"(3, 2) ON",0.0,ON
229,"(3, 3) ON",0.0,ON
229,"(4, 1) ON",0.0,ON
229,"(4, 2) ON",0.0,ON
229,"(4, 3) ON",1.0,ON
230,"(1, 1) ON",0.0,ON
230,"(1, 2) ON",0.0,ON
230,"(1, 3) ON",0.0,ON
230,"(2, 1) ON",0.0,ON
230,"(2, 2) ON",0.0,ON
230,"(2, 3) ON",0.0,ON
230,"(3, 1) ON",0.0,ON
230,"(3, 2) ON",0.0,ON
230,"(3, 3) ON",1.0,ON
230,"(4, 1) ON",0.0,ON
230,"(4, 2) ON",0.0,ON
230,"(4, 3) ON",0.0,ON
231,"(1, 1) ON",0.0,ON
231,"(1, 2) ON",0.0,ON
231,"(1, 3) ON",0.0,ON
231,"(2, 1) ON",0.0,ON
231,"(2, 2) ON",0.0,ON
231,"(2, 3) ON",0.0,ON
231,"(3, 1) ON",0.0,ON
231,"(3, 2) ON",0.0,ON
231,"(3, 3) ON",1.0,ON
231,"(4, 1) ON",0.0,ON
231,"(4, 2) ON",0.0,ON
231,"(4, 3) ON",0.0,ON
232,"(1, 1) ON",0.0,ON
232,"(1, 2) ON",1.0,ON
232,"(1, 3) ON",0.0,ON
232,"(2, 1) ON",0.0,ON
232,"(2, 2) ON",0.0,ON
232,"(2, 3) ON",0.0,ON
232,"(3, 1) ON",0.0,ON
232,"(3, 2) ON",0.0,ON
232,"(3, 3) ON",0.0,ON
232,"(4, 1) ON",0.0,ON
232,"(4, 2) ON",0.0,ON
232,"(4, 3) ON",0.0,ON
233,"(1, 1) ON",0.0,ON
233,"(1, 2) ON",0.0,ON
233,"(1, 3) ON",0.0,ON
233,"(2, 1) ON",0.0,ON
233,"(2, 2) ON",0.0,ON
233,"(2, 3) ON",1.0,ON
233,"(3, 1) ON",0.0,ON
233,"(3, 2) ON",0.0,ON
233,"(3, 3) ON",0.0,ON
233,"(4, 1) ON",0.0,ON
233,"(4, 2) ON",0.0,ON
233,"(4, 3) ON",0.0,ON
234,"(1, 1) ON",0.0,ON
234,"(1, 2) ON",0.0,ON
234,"(1, 3) ON",0.0,ON
234,"(2, 1) ON",0.0,ON
234,"(2, 2) ON",1.0,ON
234,"(2, 3) ON",0.0,ON
234,"(3, 1) ON",0.0,ON
234,"(3, 2) ON",0.0,ON
234,"(3, 3) ON",0.0,ON
234,"(4, 1) ON",0.0,ON
234,"(4, 2) ON",0.0,ON
234,"(4, 3) ON",0.0,ON
235,"(1, 1) ON",0.0,ON
235,"(1, 2) ON",0.0,ON
235,"(1, 3) ON",0.0,ON
235,"(2, 1) ON",0.0,ON
235,"(2, 2) ON",1.0,ON
235,"(2, 3) ON",0.0,ON
235,"(3, 1) ON",0.0,ON
235,"(3, 2) ON",0.0,ON
235,"(3, 3) ON",0.0,ON
235,"(4, 1) ON",0.0,ON
235,"(4, 2) ON",0.0,ON
235,"(4, 3) ON",0.0,ON
236,"(1, 1) ON",0.0,ON
236,"(1, 2) ON",0.0,ON
236,"(1, 3) ON",0.0,ON
236,"(2, 1) ON",0.0,ON
236,"(2, 2) ON",0.0,ON
236,"(2, 3) ON",0.0,ON
236,"(3, 1) ON",0.0,ON
236,"(3, 2) ON",0.0,ON
236,"(3, 3) ON",0.0,ON
236,"(4, 1) ON",0.0,ON
236,"(4, 2) ON",0.0,ON
236,"(4, 3) ON",1.0,ON
237,"(1, 1) ON",0.0,ON
237,"(1, 2) ON",0.0,ON
237,"(1, 3) ON",0.0,ON
237,"(2, 1) ON",0.0,ON
237,"(2, 2) ON",0.0,ON
237,"(2, 3) ON",1.0,ON
237,"(3, 1) ON",0.0,ON
237,"(3, 2) ON",0.0,ON
237,"(3, 3) ON",0.0,ON
237,"(4, 1) ON",0.0,ON
237,"(4, 2) ON",0.0,ON
237,"(4, 3) ON",0.0,ON
238,"(1, 1) ON",0.0,ON
238,"(1, 2) ON",0.0,ON
238,"(1, 3) ON",0.0,ON
238,"(2, 1) ON",0.0,ON
238,"(2, 2) ON",0.0,ON
238,"(2, 3) ON",0.0,ON
238,"(3, 1) ON",0.0,ON
238,"(3, 2) ON",0.0,ON
238,"(3, 3) ON",0.0,ON
238,"(4, 1) ON",0.0,ON
238,"(4, 2) ON",0.0,ON
238,"(4, 3) ON",1.0,ON
239,"(1, 1) ON",0.0,ON
239,"(1, 2) ON",0.0,ON
239,"(1, 3) ON",0.0,ON
239,"(2, 1) ON",0.0,ON
239,"(2, 2) ON",1.0,ON
239,"(2, 3) ON",0.0,ON
239,"(3, 1) ON",0.0,ON
239,"(3, 2) ON",0.0,ON
239,"(3, 3) ON",0.0,ON
239,"(4, 1) ON",0.0,ON
239,"(4, 2) ON",0.0,ON
239,"(4, 3) ON",0.0,ON
240,"(1, 1) ON",0.0,ON
240,"(1, 2) ON",0.0,ON
240,"(1, 3) ON",0.0,ON
240,"(2, 1) ON",0.0,ON
240,"(2, 2) ON",0.0,ON
240,"(2, 3) ON",0.0,ON
240,"(3, 1) ON",0.0,ON
240,"(3, 2) ON",0.0,ON
240,"(3, 3) ON",0.0,ON
240,"(4, 1) ON",0.0,ON
240,"(4, 2) ON",1.0,ON
240,"(4, 3) ON",0.0,ON
241,"(1, 1) ON",0.0,ON
241,"(1, 2) ON",0.0,ON
241,"(1, 3) ON",0.0,ON
241,"(2, 1) ON",0.0,ON
241,"(2, 2) ON",0.0,ON
241,"(2, 3) ON",0.0,ON
241,"(3, 1) ON",0.0,ON
241,"(3, 2) ON",0.0,ON
241,"(3, 3) ON",0.0,ON
241,"(4, 1) ON",0.0,ON
241,"(4, 2) ON",1.0,ON
241,"(4, 3) ON",0.0,ON
242,"(1, 1) ON",0.0,ON
242,"(1, 2) ON",0.0,ON
242,"(1, 3) ON",0.0,ON
242,"(2, 1) ON",0.0,ON
242,"(2, 2) ON",0.0,ON
242,"(2, 3) ON",0.0,ON
242,"(3, 1) ON",0.0,ON
242,"(3, 2) ON",0.0,ON
242,"(3, 3) ON",0.0,ON
242,"(4, 1) ON",0.0,ON
242,"(4, 2) ON",1.0,ON
242,"(4, 3) ON",0.0,ON
243,"(1, 1) ON",0.0,ON
243,"(1, 2) ON",0.0,ON
243,"(1, 3) ON",0.0,ON
243,"(2, 1) ON",0.0,ON
243,"(2, 2) ON",0.0,ON
243,"(2, 3) ON",0.0,ON
243,"(3, 1) ON",0.0,ON
243,"(3, 2) ON",0.0,ON
243,"(3, 3) ON",0.0,ON
243,"(4, 1) ON",0.0,ON
243,"(4, 2) ON",1.0,ON
243,"(4, 3) ON",0.0,ON
244,"(1, 1) ON",0.0,ON
244,"(1, 2) ON",0.0,ON
244,"(1, 3) ON",0.0,ON
244,"(2, 1) ON",0.0,ON
244,"(2, 2) ON",0.0,ON
244,"(2, 3) ON",0.0,ON
244,"(3, 1) ON",0.0,ON
244,"(3, 2) ON",0.0,ON
244,"(3, 3) ON",0.0,ON
244,"(4, 1) ON",0.0,ON
244,"(4, 2) ON",1.0,ON
244,"(4, 3) ON",0.0,ON
245,"(1, 1) ON",0.0,ON
245,"(1, 2) ON",0.0,ON
245,"(1, 3) ON",0.0,ON
245,"(2, 1) ON",0.0,ON
245,"(2, 2) ON",0.0,ON
245,"(2, 3) ON",0.0,ON
245,"(3, 1) ON",0.0,ON
245,"(3, 2) ON",0.0,ON
245,"(3, 3) ON",0.0,ON
245,"(4, 1) ON",0.0,ON
245,"(4, 2) ON",0.0,ON
245,"(4, 3) ON",1.0,ON
246,"(1, 1) ON",0.0,ON
246,"(1, 2) ON",0.0,ON
246,"(1, 3) ON",0.0,ON
246,"(2, 1) ON",0.0,ON
246,"(2, 2) ON",0.0,ON
246,"(2, 3) ON",0.0,ON
246,"(3, 1) ON",0.0,ON
246,"(3, 2) ON",0.0,ON
246,"(3, 3) ON",0.0,ON
246,"(4, 1) ON",0.0,ON
246,"(4, 2) ON",0.0,ON
246,"(4, 3) ON",1.0,ON
247,"(1, 1) ON",0.0,ON
247,"(1, 2) ON",0.0,ON
247,"(1, 3) ON",0.0,ON
247,"(2, 1) ON",0.0,ON
247,"(2, 2) ON",0.0,ON
247,"(2, 3) ON",0.0,ON
247,"(3, 1) ON",0.0,ON
247,"(3, 2) ON",0.0,ON
247,"(3, 3) ON",0.0,ON
247,"(4, 1) ON",0.0,ON
247,"(4, 2) ON",1.0,ON
247,"(4, 3) ON",0.0,ON
248,"(1, 1) ON",0.0,ON
248,"(1, 2) ON",0.0,ON
248,"(1, 3) ON",0.0,ON
248,"(2, 1) ON",0.0,ON
248,"(2, 2) ON",1.0,ON
248,"(2, 3) ON",0.0,ON
248,"(3, 1) ON",0.0,ON
248,"(3, 2) ON",0.0,ON
248,"(3, 3) ON",0.0,ON
248,"(4, 1) ON",0.0,ON
248,"(4, 2) ON",0.0,ON
248,"(4, 3) ON",0.0,ON
249,"(1, 1) ON",0.0,ON
249,"(1, 2) ON",0.0,ON
249,"(1, 3) ON",0.0,ON
249,"(2, 1) ON",0.0,ON
249,"(2, 2) ON",0.0,ON
249,"(2, 3) ON",0.0,ON
249,"(3, 1) ON",0.0,ON
249,"(3, 2) ON",0.0,ON
249,"(3, 3) ON",0.0,ON
249,"(4, 1) ON",0.0,ON
249,"(4, 2) ON",1.0,ON
249,"(4, 3) ON",0.0,ON
250,"(1, 1) ON",0.0,ON
250,"(1, 2) ON",0.0,ON
250,"(1, 3) ON",0.0,ON
250,"(2, 1) ON",0.0,ON
250,"(2, 2) ON",0.0,ON
250,"(2, 3) ON",0.0,ON
250,"(3, 1) ON",0.0,ON
250,"(3, 2) ON",0.0,ON
250,"(3, 3) ON",1.0,ON
250,"(4, 1) ON",0.0,ON
250,"(4, 2) ON",0.0,ON
250,"(4, 3) ON",0.0,ON
251,"(1, 1) ON",0.0,ON
251,"(1, 2) ON",0.0,ON
251,"(1, 3) ON",0.0,ON
251,"(2, 1) ON",0.0,ON
251,"(2, 2) ON",0.0,ON
251,"(2, 3) ON",0.0,ON
251,"(3, 1) ON",0.0,ON
251,"(3, 2) ON",0.0,ON
251,"(3, 3) ON",1.0,ON
251,"(4, 1) ON",0.0,ON
251,"(4, 2) ON",0.0,ON
251,"(4, 3) ON",0.0,ON
252,"(1, 1) ON",0.0,ON
252,"(1, 2) ON",0.0,ON
252,"(1, 3) ON",0.0,ON
252,"(2, 1) ON",0.0,ON
252,"(2, 2) ON",0.0,ON
252,"(2, 3) ON",0.0,ON
252,"(3, 1) ON",0.0,ON
252,"(3, 2) ON",0.0,ON
252,"(3, 3) ON",0.0,ON
252,"(4, 1) ON",0.0,ON
252,"(4, 2) ON",0.0,ON
252,"(4, 3) ON",1.0,ON
253,"(1, 1) ON",0.0,ON
253,"(1, 2) ON",0.0,ON
253,"(1, 3) ON",0.0,ON
253,"(2, 1) ON",0.0,ON
253,"(2, 2) ON",0.0,ON
253,"(2, 3) ON",1.0,ON
253,"(3, 1) ON",0.0,ON
253,"(3, 2) ON",0.0,ON
253,"(3, 3) ON",0.0,ON
253,"(4, 1) ON",0.0,ON
253,"(4, 2) ON",0.0,ON
253,"(4, 3) ON",0.0,ON
254,"(1, 1) ON",0.0,ON
254,"(1, 2) ON",0.0,ON
254,"(1, 3) ON",0.0,ON
254,"(2, 1) ON",0.0,ON
254,"(2, 2) ON",1.0,ON
254,"(2, 3) ON",0.0,ON
254,"(3, 1) ON",0.0,ON
254,"(3, 2) ON",0.0,ON
254,"(3, 3) ON",0.0,ON
254,"(4, 1) ON",0.0,ON
254,"(4, 2) ON",0.0,ON
254,"(4, 3) ON",0.0,ON
255,"(1, 1) ON",0.0,ON
255,"(1, 2) ON",0.0,ON
255,"(1, 3) ON",0.0,ON
255,"(2, 1) ON",0.0,ON
255,"(2, 2) ON",0.0,ON
255,"(2, 3) ON",0.0,ON
255,"(3, 1) ON",0.0,ON
255,"(3, 2) ON",0.0,ON
255,"(3, 3) ON",1.0,ON
255,"(4, 1) ON",0.0,ON
255,"(4, 2) ON",0.0,ON
255,"(4, 3) ON",0.0,ON
256,"(1, 1) ON",0.0,ON
256,"(1, 2) ON",0.0,ON
256,"(1, 3) ON",0.0,ON
256,"(2, 1) ON",0.0,ON
256,"(2, 2) ON",0.0,ON
256,"(2, 3) ON",0.0,ON
256,"(3, 1) ON",0.0,ON
256,"(3, 2) ON",0.0,ON
256,"(3, 3) ON",0.0,ON
256,"(4, 1) ON",0.0,ON
256,"(4, 2) ON",1.0,ON
256,"(4, 3) ON",0.0,ON
257,"(1, 1) ON",0.0,ON
257,"(1, 2) ON",0.0,ON
257,"(1, 3) ON",0.0,ON
257,"(2, 1) ON",0.0,ON
257,"(2, 2) ON",0.0,ON
257,"(2, 3) ON",0.0,ON
257,"(3, 1) ON",0.0,ON
257,"(3, 2) ON",0.0,ON
257,"(3, 3) ON",0.0,ON
257,"(4, 1) ON",0.0,ON
257,"(4, 2) ON",1.0,ON
257,"(4, 3) ON",0.0,ON
258,"(1, 1) ON",0.0,ON
258,"(1, 2) ON",0.0,ON
258,"(1, 3) ON",0.0,ON
258,"(2, 1) ON",0.0,ON
258,"(2, 2) ON",0.0,ON
258,"(2, 3) ON",1.0,ON
258,"(3, 1) ON",0.0,ON
258,"(3, 2) ON",0.0,ON
258,"(3, 3) ON",0.0,ON
258,"(4, 1) ON",0.0,ON
258,"(4, 2) ON",0.0,ON
258,"(4, 3) ON",0.0,ON
259,"(1, 1) ON",0.0,ON
259,"(1, 2) ON",0.0,ON
259,"(1, 3) ON",0.0,ON
259,"(2, 1) ON",0.0,ON
259,"(2, 2) ON",1.0,ON
259,"(2, 3) ON",0.0,ON
259,"(3, 1) ON",0.0,ON
259,"(3, 2) ON",0.0,ON
259,"(3, 3) ON",0.0,ON
259,"(4, 1) ON",0.0,ON
259,"(4, 2) ON",0.0,ON
259,"(4, 3) ON",0.0,ON
260,"(1, 1) PE",0.0,PE
260,"(1, 2) PE",0.0,PE
260,"(1, 3) PE",0.0,PE
260,"(2, 1) PE",0.0,PE
260,"(2, 2) PE",0.0,PE
260,"(2, 3) PE",0.0,PE
260,"(3, 1) PE",0.0,PE
260,"(3, 2) PE",0.0,PE
260,"(3, 3) PE",1.0,PE
260,"(4, 1) PE",0.0,PE
260,"(4, 2) PE",0.0,PE
260,"(4, 3) PE",0.0,PE
261,"(1, 1) PE",0.0,PE
261,"(1, 2) PE",0.0,PE
261,"(1, 3) PE",0.0,PE
261,"(2, 1) PE",0.0,PE
261,"(2, 2) PE",0.0,PE
261,"(2, 3) PE",0.0,PE
261,"(3, 1) PE",0.0,PE
261,"(3, 2) PE",0.0,PE
261,"(3, 3) PE",1.0,PE
261,"(4, 1) PE",0.0,PE
261,"(4, 2) PE",0.0,PE
261,"(4, 3) PE",0.0,PE
262,"(1, 1) PE",0.0,PE
262,"(1, 2) PE",0.0,PE
262,"(1, 3) PE",0.0,PE
262,"(2, 1) PE",0.0,PE
262,"(2, 2) PE",0.0,PE
262,"(2, 3) PE",0.0,PE
262,"(3, 1) PE",0.0,PE
262,"(3, 2) PE",0.0,PE
262,"(3, 3) PE",1.0,PE
262,"(4, 1) PE",0.0,PE
262,"(4, 2) PE",0.0,PE
262,"(4, 3) PE",0.0,PE
263,"(1, 1) PE",0.0,PE
263,"(1, 2) PE",0.0,PE
263,"(1, 3) PE",0.0,PE
263,"(2, 1) PE",0.0,PE
263,"(2, 2) PE",0.0,PE
263,"(2, 3) PE",0.0,PE
263,"(3, 1) PE",0.0,PE
263,"(3, 2) PE",0.0,PE
263,"(3, 3) PE",1.0,PE
263,"(4, 1) PE",0.0,PE
263,"(4, 2) PE",0.0,PE
263,"(4, 3) PE",0.0,PE
264,"(1, 1) PE",0.0,PE
264,"(1, 2) PE",0.0,PE
264,"(1, 3) PE",0.0,PE
264,"(2, 1) PE",0.0,PE
264,"(2, 2) PE",0.0,PE
264,"(2, 3) PE",0.0,PE
264,"(3, 1) PE",0.0,PE
264,"(3, 2) PE",0.0,PE
264,"(3, 3) PE",1.0,PE
264,"(4, 1) PE",0.0,PE
264,"(4, 2) PE",0.0,PE
264,"(4, 3) PE",0.0,PE
265,"(1, 1) PE",0.0,PE
265,"(1, 2) PE",0.0,PE
265,"(1, 3) PE",0.0,PE
265,"(2, 1) PE",0.0,PE
265,"(2, 2) PE",0.0,PE
265,"(2, 3) PE",0.0,PE
265,"(3, 1) PE",0.0,PE
265,"(3, 2) PE",0.0,PE
265,"(3, 3) PE",1.0,PE
265,"(4, 1) PE",0.0,PE
265,"(4, 2) PE",0.0,PE
265,"(4, 3) PE",0.0,PE
266,"(1, 1) PE",0.0,PE
266,"(1, 2) PE",0.0,PE
266,"(1, 3) PE",0.0,PE
266,"(2, 1) PE",0.0,PE
266,"(2, 2) PE",0.0,PE
266,"(2, 3) PE",0.0,PE
266,"(3, 1) PE",0.0,PE
266,"(3, 2) PE",0.0,PE
266,"(3, 3) PE",1.0,PE
266,"(4, 1) PE",0.0,PE
266,"(4, 2) PE",0.0,PE
266,"(4, 3) PE",0.0,PE
267,"(1, 1) PE",0.0,PE
267,"(1, 2) PE",0.0,PE
267,"(1, 3) PE",0.0,PE
267,"(2, 1) PE",0.0,PE
267,"(2, 2) PE",0.0,PE
267,"(2, 3) PE",0.0,PE
267,"(3, 1) PE",0.0,PE
267,"(3, 2) PE",0.0,PE
267,"(3, 3) PE",1.0,PE
267,"(4, 1) PE",0.0,PE
267,"(4, 2) PE",0.0,PE
267,"(4, 3) PE",0.0,PE
268,"(1, 1) PE",0.0,PE
268,"(1, 2) PE",0.0,PE
268,"(1, 3) PE",0.0,PE
268,"(2, 1) PE",0.0,PE
268,"(2, 2) PE",0.0,PE
268,"(2, 3) PE",0.0,PE
268,"(3, 1) PE",0.0,PE
268,"(3, 2) PE",0.0,PE
268,"(3, 3) PE",1.0,PE
268,"(4, 1) PE",0.0,PE
268,"(4, 2) PE",0.0,PE
268,"(4, 3) PE",0.0,PE
269,"(1, 1) PE",0.0,PE
269,"(1, 2) PE",0.0,PE
269,"(1, 3) PE",0.0,PE
269,"(2, 1) PE",0.0,PE
269,"(2, 2) PE",0.0,PE
269,"(2, 3) PE",0.0,PE
269,"(3, 1) PE",0.0,PE
269,"(3, 2) PE",0.0,PE
269,"(3, 3) PE",1.0,PE
269,"(4, 1) PE",0.0,PE
269,"(4, 2) PE",0.0,PE
269,"(4, 3) PE",0.0,PE
270,"(1, 1) QC",0.0,QC
270,"(1, 2) QC",0.0,QC
270,"(1, 3) QC",0.0,QC
270,"(2, 1) QC",0.0,QC
270,"(2, 2) QC",0.0,QC
270,"(2, 3) QC",0.0,QC
270,"(3, 1) QC",1.0,QC
270,"(3, 2) QC",0.0,QC
270,"(3, 3) QC",0.0,QC
270,"(4, 1) QC",0.0,QC
270,"(4, 2) QC",0.0,QC
270,"(4, 3) QC",0.0,QC
271,"(1, 1) QC",1.0,QC
271,"(1, 2) QC",0.0,QC
271,"(1, 3) QC",0.0,QC
271,"(2, 1) QC",0.0,QC
271,"(2, 2) QC",0.0,QC
271,"(2, 3) QC",0.0,QC
271,"(3, 1) QC",0.0,QC
271,"(3, 2) QC",0.0,QC
271,"(3, 3) QC",0.0,QC
271,"(4, 1) QC",0.0,QC
271,"(4, 2) QC",0.0,QC
271,"(4, 3) QC",0.0,QC
272,"(1, 1) QC",0.0,QC
272,"(1, 2) QC",0.0,QC
272,"(1, 3) QC",0.0,QC
272,"(2, 1) QC",0.0,QC
272,"(2, 2) QC",0.0,QC
272,"(2, 3) QC",0.0,QC
272,"(3, 1) QC",1.0,QC
272,"(3, 2) QC",0.0,QC
272,"(3, 3) QC",0.0,QC
272,"(4, 1) QC",0.0,QC
272,"(4, 2) QC",0.0,QC
272,"(4, 3) QC",0.0,QC
273,"(1, 1) QC",0.0,QC
273,"(1, 2) QC",0.0,QC
273,"(1, 3) QC",0.0,QC
273,"(2, 1) QC",0.0,QC
273,"(2, 2) QC",0.0,QC
273,"(2, 3) QC",0.0,QC
273,"(3, 1) QC",0.0,QC
273,"(3, 2) QC",0.0,QC
273,"(3, 3) QC",0.0,QC
273,"(4, 1) QC",1.0,QC
273,"(4, 2) QC",0.0,QC
273,"(4, 3) QC",0.0,QC
274,"(1, 1) QC",0.0,QC
274,"(1, 2) QC",0.0,QC
274,"(1, 3) QC",0.0,QC
274,"(2, 1) QC",0.0,QC
274,"(2, 2) QC",0.0,QC
274,"(2, 3) QC",0.0,QC
274,"(3, 1) QC",0.0,QC
274,"(3, 2) QC",0.0,QC
274,"(3, 3) QC",0.0,QC
274,"(4, 1) QC",1.0,QC
274,"(4, 2) QC",0.0,QC
274,"(4, 3) QC",0.0,QC
275,"(1, 1) QC",0.0,QC
275,"(1, 2) QC",0.0,QC
275,"(1, 3) QC",0.0,QC
275,"(2, 1) QC",0.0,QC
275,"(2, 2) QC",0.0,QC
275,"(2, 3) QC",0.0,QC
275,"(3, 1) QC",0.0,QC
275,"(3, 2) QC",0.0,QC
275,"(3, 3) QC",0.0,QC
275,"(4, 1) QC",1.0,QC
275,"(4, 2) QC",0.0,QC
275,"(4, 3) QC",0.0,QC
276,"(1, 1) QC",0.0,QC
276,"(1, 2) QC",0.0,QC
276,"(1, 3) QC",0.0,QC
276,"(2, 1) QC",0.0,QC
276,"(2, 2) QC",0.0,QC
276,"(2, 3) QC",0.0,QC
276,"(3, 1) QC",0.0,QC
276,"(3, 2) QC",0.0,QC
276,"(3, 3) QC",0.0,QC
276,"(4, 1) QC",1.0,QC
276,"(4, 2) QC",0.0,QC
276,"(4, 3) QC",0.0,QC
277,"(1, 1) QC",0.0,QC
277,"(1, 2) QC",0.0,QC
277,"(1, 3) QC",0.0,QC
277,"(2, 1) QC",0.0,QC
277,"(2, 2) QC",0.0,QC
277,"(2, 3) QC",0.0,QC
277,"(3, 1) QC",1.0,QC
277,"(3, 2) QC",0.0,QC
277,"(3, 3) QC",0.0,QC
277,"(4, 1) QC",0.0,QC
277,"(4, 2) QC",0.0,QC
277,"(4, 3) QC",0.0,QC
278,"(1, 1) QC",0.0,QC
278,"(1, 2) QC",0.0,QC
278,"(1, 3) QC",0.0,QC
278,"(2, 1) QC",0.0,QC
278,"(2, 2) QC",0.0,QC
278,"(2, 3) QC",0.0,QC
278,"(3, 1) QC",1.0,QC
278,"(3, 2) QC",0.0,QC
278,"(3, 3) QC",0.0,QC
278,"(4, 1) QC",0.0,QC
278,"(4, 2) QC",0.0,QC
278,"(4, 3) QC",0.0,QC
279,"(1, 1) QC",1.0,QC
279,"(1, 2) QC",0.0,QC
279,"(1, 3) QC",0.0,QC
279,"(2, 1) QC",0.0,QC
279,"(2, 2) QC",0.0,QC
279,"(2, 3) QC",0.0,QC
279,"(3, 1) QC",0.0,QC
279,"(3, 2) QC",0.0,QC
279,"(3, 3) QC",0.0,QC
279,"(4, 1) QC",0.0,QC
279,"(4, 2) QC",0.0,QC
279,"(4, 3) QC",0.0,QC
280,"(1, 1) QC",1.0,QC
280,"(1, 2) QC",0.0,QC
280,"(1, 3) QC",0.0,QC
280,"(2, 1) QC",0.0,QC
280,"(2, 2) QC",0.0,QC
280,"(2, 3) QC",0.0,QC
280,"(3, 1) QC",0.0,QC
280,"(3, 2) QC",0.0,QC
280,"(3, 3) QC",0.0,QC
280,"(4, 1) QC",0.0,QC
280,"(4, 2) QC",0.0,QC
280,"(4, 3) QC",0.0,QC
281,"(1, 1) QC",1.0,QC
281,"(1, 2) QC",0.0,QC
281,"(1, 3) QC",0.0,QC
281,"(2, 1) QC",0.0,QC
281,"(2, 2) QC",0.0,QC
281,"(2, 3) QC",0.0,QC
281,"(3, 1) QC",0.0,QC
281,"(3, 2) QC",0.0,QC
281,"(3, 3) QC",0.0,QC
281,"(4, 1) QC",0.0,QC
281,"(4, 2) QC",0.0,QC
281,"(4, 3) QC",0.0,QC
282,"(1, 1) QC",1.0,QC
282,"(1, 2) QC",0.0,QC
282,"(1, 3) QC",0.0,QC
282,"(2, 1) QC",0.0,QC
282,"(2, 2) QC",0.0,QC
282,"(2, 3) QC",0.0,QC
282,"(3, 1) QC",0.0,QC
282,"(3, 2) QC",0.0,QC
282,"(3, 3) QC",0.0,QC
282,"(4, 1) QC",0.0,QC
282,"(4, 2) QC",0.0,QC
282,"(4, 3) QC",0.0,QC
283,"(1, 1) QC",1.0,QC
283,"(1, 2) QC",0.0,QC
283,"(1, 3) QC",0.0,QC
283,"(2, 1) QC",0.0,QC
283,"(2, 2) QC",0.0,QC
283,"(2, 3) QC",0.0,QC
283,"(3, 1) QC",0.0,QC
283,"(3, 2) QC",0.0,QC
283,"(3, 3) QC",0.0,QC
283,"(4, 1) QC",0.0,QC
283,"(4, 2) QC",0.0,QC
283,"(4, 3) QC",0.0,QC
284,"(1, 1) QC",1.0,QC
284,"(1, 2) QC",0.0,QC
284,"(1, 3) QC",0.0,QC
284,"(2, 1) QC",0.0,QC
284,"(2, 2) QC",0.0,QC
284,"(2, 3) QC",0.0,QC
284,"(3, 1) QC",0.0,QC
284,"(3, 2) QC",0.0,QC
284,"(3, 3) QC",0.0,QC
284,"(4, 1) QC",0.0,QC
284,"(4, 2) QC",0.0,QC
284,"(4, 3) QC",0.0,QC
285,"(1, 1) QC",0.0,QC
285,"(1, 2) QC",0.0,QC
285,"(1, 3) QC",0.0,QC
285,"(2, 1) QC",0.0,QC
285,"(2, 2) QC",0.0,QC
285,"(2, 3) QC",0.0,QC
285,"(3, 1) QC",0.0,QC
285,"(3, 2) QC",0.0,QC
285,"(3, 3) QC",0.0,QC
285,"(4, 1) QC",1.0,QC
285,"(4, 2) QC",0.0,QC
285,"(4, 3) QC",0.0,QC
286,"(1, 1) QC",0.0,QC
286,"(1, 2) QC",0.0,QC
286,"(1, 3) QC",0.0,QC
286,"(2, 1) QC",0.0,QC
286,"(2, 2) QC",0.0,QC
286,"(2, 3) QC",0.0,QC
286,"(3, 1) QC",1.0,QC
286,"(3, 2) QC",0.0,QC
286,"(3, 3) QC",0.0,QC
286,"(4, 1) QC",0.0,QC
286,"(4, 2) QC",0.0,QC
286,"(4, 3) QC",0.0,QC
287,"(1, 1) QC",1.0,QC
287,"(1, 2) QC",0.0,QC
287,"(1, 3) QC",0.0,QC
287,"(2, 1) QC",0.0,QC
287,"(2, 2) QC",0.0,QC
287,"(2, 3) QC",0.0,QC
287,"(3, 1) QC",0.0,QC
287,"(3, 2) QC",0.0,QC
287,"(3, 3) QC",0.0,QC
287,"(4, 1) QC",0.0,QC
287,"(4, 2) QC",0.0,QC
287,"(4, 3) QC",0.0,QC
288,"(1, 1) QC",1.0,QC
288,"(1, 2) QC",0.0,QC
288,"(1, 3) QC",0.0,QC
288,"(2, 1) QC",0.0,QC
288,"(2, 2) QC",0.0,QC
288,"(2, 3) QC",0.0,QC
288,"(3, 1) QC",0.0,QC
288,"(3, 2) QC",0.0,QC
288,"(3, 3) QC",0.0,QC
288,"(4, 1) QC",0.0,QC
288,"(4, 2) QC",0.0,QC
288,"(4, 3) QC",0.0,QC
289,"(1, 1) QC",1.0,QC
289,"(1, 2) QC",0.0,QC
289,"(1, 3) QC",0.0,QC
289,"(2, 1) QC",0.0,QC
289,"(2, 2) QC",0.0,QC
289,"(2, 3) QC",0.0,QC
289,"(3, 1) QC",0.0,QC
289,"(3, 2) QC",0.0,QC
289,"(3, 3) QC",0.0,QC
289,"(4, 1) QC",0.0,QC
289,"(4, 2) QC",0.0,QC
289,"(4, 3) QC",0.0,QC
290,"(1, 1) QC",0.0,QC
290,"(1, 2) QC",0.0,QC
290,"(1, 3) QC",0.0,QC
290,"(2, 1) QC",0.0,QC
290,"(2, 2) QC",0.0,QC
290,"(2, 3) QC",0.0,QC
290,"(3, 1) QC",0.0,QC
290,"(3, 2) QC",0.0,QC
290,"(3, 3) QC",0.0,QC
290,"(4, 1) QC",1.0,QC
290,"(4, 2) QC",0.0,QC
290,"(4, 3) QC",0.0,QC
291,"(1, 1) QC",0.0,QC
291,"(1, 2) QC",0.0,QC
291,"(1, 3) QC",0.0,QC
291,"(2, 1) QC",0.0,QC
291,"(2, 2) QC",0.0,QC
291,"(2, 3) QC",0.0,QC
291,"(3, 1) QC",0.0,QC
291,"(3, 2) QC",0.0,QC
291,"(3, 3) QC",0.0,QC
291,"(4, 1) QC",1.0,QC
291,"(4, 2) QC",0.0,QC
291,"(4, 3) QC",0.0,QC
292,"(1, 1) QC",0.0,QC
292,"(1, 2) QC",0.0,QC
292,"(1, 3) QC",0.0,QC
292,"(2, 1) QC",0.0,QC
292,"(2, 2) QC",0.0,QC
292,"(2, 3) QC",0.0,QC
292,"(3, 1) QC",1.0,QC
292,"(3, 2) QC",0.0,QC
292,"(3, 3) QC",0.0,QC
292,"(4, 1) QC",0.0,QC
292,"(4, 2) QC",0.0,QC
292,"(4, 3) QC",0.0,QC
293,"(1, 1) QC",0.0,QC
293,"(1, 2) QC",0.0,QC
293,"(1, 3) QC",0.0,QC
293,"(2, 1) QC",0.0,QC
293,"(2, 2) QC",0.0,QC
293,"(2, 3) QC",0.0,QC
293,"(3, 1) QC",1.0,QC
293,"(3, 2) QC",0.0,QC
293,"(3, 3) QC",0.0,QC
293,"(4, 1) QC",0.0,QC
293,"(4, 2) QC",0.0,QC
293,"(4, 3) QC",0.0,QC
294,"(1, 1) QC",0.0,QC
294,"(1, 2) QC",0.0,QC
294,"(1, 3) QC",0.0,QC
294,"(2, 1) QC",0.0,QC
294,"(2, 2) QC",0.0,QC
294,"(2, 3) QC",0.0,QC
294,"(3, 1) QC",1.0,QC
294,"(3, 2) QC",0.0,QC
294,"(3, 3) QC",0.0,QC
294,"(4, 1) QC",0.0,QC
294,"(4, 2) QC",0.0,QC
294,"(4, 3) QC",0.0,QC
295,"(1, 1) QC",0.0,QC
295,"(1, 2) QC",0.0,QC
295,"(1, 3) QC",0.0,QC
295,"(2, 1) QC",0.0,QC
295,"(2, 2) QC",0.0,QC
295,"(2, 3) QC",0.0,QC
295,"(3, 1) QC",1.0,QC
295,"(3, 2) QC",0.0,QC
295,"(3, 3) QC",0.0,QC
295,"(4, 1) QC",0.0,QC
295,"(4, 2) QC",0.0,QC
295,"(4, 3) QC",0.0,QC
296,"(1, 1) QC",0.0,QC
296,"(1, 2) QC",0.0,QC
296,"(1, 3) QC",0.0,QC
296,"(2, 1) QC",0.0,QC
296,"(2, 2) QC",0.0,QC
296,"(2, 3) QC",0.0,QC
296,"(3, 1) QC",0.0,QC
296,"(3, 2) QC",0.0,QC
296,"(3, 3) QC",0.0,QC
296,"(4, 1) QC",1.0,QC
296,"(4, 2) QC",0.0,QC
296,"(4, 3) QC",0.0,QC
297,"(1, 1) QC",0.0,QC
297,"(1, 2) QC",0.0,QC
297,"(1, 3) QC",0.0,QC
297,"(2, 1) QC",0.0,QC
297,"(2, 2) QC",0.0,QC
297,"(2, 3) QC",0.0,QC
297,"(3, 1) QC",1.0,QC
297,"(3, 2) QC",0.0,QC
297,"(3, 3) QC",0.0,QC
297,"(4, 1) QC",0.0,QC
297,"(4, 2) QC",0.0,QC
297,"(4, 3) QC",0.0,QC
298,"(1, 1) QC",0.0,QC
298,"(1, 2) QC",0.0,QC
298,"(1, 3) QC",0.0,QC
298,"(2, 1) QC",0.0,QC
298,"(2, 2) QC",0.0,QC
298,"(2, 3) QC",0.0,QC
298,"(3, 1) QC",0.0,QC
298,"(3, 2) QC",0.0,QC
298,"(3, 3) QC",0.0,QC
298,"(4, 1) QC",1.0,QC
298,"(4, 2) QC",0.0,QC
298,"(4, 3) QC",0.0,QC
299,"(1, 1) QC",0.0,QC
299,"(1, 2) QC",0.0,QC
299,"(1, 3) QC",0.0,QC
299,"(2, 1) QC",0.0,QC
299,"(2, 2) QC",0.0,QC
299,"(2, 3) QC",0.0,QC
299,"(3, 1) QC",1.0,QC
299,"(3, 2) QC",0.0,QC
299,"(3, 3) QC",0.0,QC
299,"(4, 1) QC",0.0,QC
299,"(4, 2) QC",0.0,QC
299,"(4, 3) QC",0.0,QC
300,"(1, 1) QC",0.0,QC
300,"(1, 2) QC",0.0,QC
300,"(1, 3) QC",0.0,QC
300,"(2, 1) QC",0.0,QC
300,"(2, 2) QC",0.0,QC
300,"(2, 3) QC",0.0,QC
300,"(3, 1) QC",1.0,QC
300,"(3, 2) QC",0.0,QC
300,"(3, 3) QC",0.0,QC
300,"(4, 1) QC",0.0,QC
300,"(4, 2) QC",0.0,QC
300,"(4, 3) QC",0.0,QC
301,"(1, 1) QC",0.0,QC
301,"(1, 2) QC",0.0,QC
301,"(1, 3) QC",0.0,QC
301,"(2, 1) QC",0.0,QC
301,"(2, 2) QC",0.0,QC
301,"(2, 3) QC",0.0,QC
301,"(3, 1) QC",1.0,QC
301,"(3, 2) QC",0.0,QC
301,"(3, 3) QC",0.0,QC
301,"(4, 1) QC",0.0,QC
301,"(4, 2) QC",0.0,QC
301,"(4, 3) QC",0.0,QC
302,"(1, 1) QC",0.0,QC
302,"(1, 2) QC",0.0,QC
302,"(1, 3) QC",0.0,QC
302,"(2, 1) QC",0.0,QC
302,"(2, 2) QC",0.0,QC
302,"(2, 3) QC",0.0,QC
302,"(3, 1) QC",1.0,QC
302,"(3, 2) QC",0.0,QC
302,"(3, 3) QC",0.0,QC
302,"(4, 1) QC",0.0,QC
302,"(4, 2) QC",0.0,QC
302,"(4, 3) QC",0.0,QC
303,"(1, 1) QC",1.0,QC
303,"(1, 2) QC",0.0,QC
303,"(1, 3) QC",0.0,QC
303,"(2, 1) QC",0.0,QC
303,"(2, 2) QC",0.0,QC
303,"(2, 3) QC",0.0,QC
303,"(3, 1) QC",0.0,QC
303,"(3, 2) QC",0.0,QC
303,"(3, 3) QC",0.0,QC
303,"(4, 1) QC",0.0,QC
303,"(4, 2) QC",0.0,QC
303,"(4, 3) QC",0.0,QC
304,"(1, 1) QC",1.0,QC
304,"(1, 2) QC",0.0,QC
304,"(1, 3) QC",0.0,QC
304,"(2, 1) QC",0.0,QC
304,"(2, 2) QC",0.0,QC
304,"(2, 3) QC",0.0,QC
304,"(3, 1) QC",0.0,QC
304,"(3, 2) QC",0.0,QC
304,"(3, 3) QC",0.0,QC
304,"(4, 1) QC",0.0,QC
304,"(4, 2) QC",0.0,QC
304,"(4, 3) QC",0.0,QC
305,"(1, 1) QC",1.0,QC
305,"(1, 2) QC",0.0,QC
305,"(1, 3) QC",0.0,QC
305,"(2, 1) QC",0.0,QC
305,"(2, 2) QC",0.0,QC
305,"(2, 3) QC",0.0,QC
305,"(3, 1) QC",0.0,QC
305,"(3, 2) QC",0.0,QC
305,"(3, 3) QC",0.0,QC
305,"(4, 1) QC",0.0,QC
305,"(4, 2) QC",0.0,QC
305,"(4, 3) QC",0.0,QC
306,"(1, 1) QC",0.0,QC
306,"(1, 2) QC",0.0,QC
306,"(1, 3) QC",0.0,QC
306,"(2, 1) QC",0.0,QC
306,"(2, 2) QC",0.0,QC
306,"(2, 3) QC",0.0,QC
306,"(3, 1) QC",0.0,QC
306,"(3, 2) QC",0.0,QC
306,"(3, 3) QC",0.0,QC
306,"(4, 1) QC",1.0,QC
306,"(4, 2) QC",0.0,QC
306,"(4, 3) QC",0.0,QC
307,"(1, 1) QC",0.0,QC
307,"(1, 2) QC",0.0,QC
307,"(1, 3) QC",0.0,QC
307,"(2, 1) QC",0.0,QC
307,"(2, 2) QC",0.0,QC
307,"(2, 3) QC",0.0,QC
307,"(3, 1) QC",0.0,QC
307,"(3, 2) QC",0.0,QC
307,"(3, 3) QC",0.0,QC
307,"(4, 1) QC",1.0,QC
307,"(4, 2) QC",0.0,QC
307,"(4, 3) QC",0.0,QC
308,"(1, 1) QC",0.0,QC
308,"(1, 2) QC",0.0,QC
308,"(1, 3) QC",0.0,QC
308,"(2, 1) QC",0.0,QC
308,"(2, 2) QC",0.0,QC
308,"(2, 3) QC",0.0,QC
308,"(3, 1) QC",0.0,QC
308,"(3, 2) QC",0.0,QC
308,"(3, 3) QC",0.0,QC
308,"(4, 1) QC",1.0,QC
308,"(4, 2) QC",0.0,QC
308,"(4, 3) QC",0.0,QC
309,"(1, 1) QC",0.0,QC
309,"(1, 2) QC",0.0,QC
309,"(1, 3) QC",0.0,QC
309,"(2, 1) QC",0.0,QC
309,"(2, 2) QC",0.0,QC
309,"(2, 3) QC",0.0,QC
309,"(3, 1) QC",0.0,QC
309,"(3, 2) QC",0.0,QC
309,"(3, 3) QC",0.0,QC
309,"(4, 1) QC",0.0,QC
309,"(4, 2) QC",0.0,QC
309,"(4, 3) QC",1.0,QC
310,"(1, 1) QC",0.0,QC
310,"(1, 2) QC",0.0,QC
310,"(1, 3) QC",0.0,QC
310,"(2, 1) QC",0.0,QC
310,"(2, 2) QC",0.0,QC
310,"(2, 3) QC",0.0,QC
310,"(3, 1) QC",0.0,QC
310,"(3, 2) QC",0.0,QC
310,"(3, 3) QC",0.0,QC
310,"(4, 1) QC",0.0,QC
310,"(4, 2) QC",0.0,QC
310,"(4, 3) QC",1.0,QC
311,"(1, 1) QC",0.0,QC
311,"(1, 2) QC",0.0,QC
311,"(1, 3) QC",0.0,QC
311,"(2, 1) QC",0.0,QC
311,"(2, 2) QC",0.0,QC
311,"(2, 3) QC",0.0,QC
311,"(3, 1) QC",0.0,QC
311,"(3, 2) QC",0.0,QC
311,"(3, 3) QC",0.0,QC
311,"(4, 1) QC",1.0,QC
311,"(4, 2) QC",0.0,QC
311,"(4, 3) QC",0.0,QC
312,"(1, 1) QC",0.0,QC
312,"(1, 2) QC",0.0,QC
312,"(1, 3) QC",0.0,QC
312,"(2, 1) QC",0.0,QC
312,"(2, 2) QC",0.0,QC
312,"(2, 3) QC",0.0,QC
312,"(3, 1) QC",0.0,QC
312,"(3, 2) QC",0.0,QC
312,"(3, 3) QC",0.0,QC
312,"(4, 1) QC",1.0,QC
312,"(4, 2) QC",0.0,QC
312,"(4, 3) QC",0.0,QC
313,"(1, 1) QC",1.0,QC
313,"(1, 2) QC",0.0,QC
313,"(1, 3) QC",0.0,QC
313,"(2, 1) QC",0.0,QC
313,"(2, 2) QC",0.0,QC
313,"(2, 3) QC",0.0,QC
313,"(3, 1) QC",0.0,QC
313,"(3, 2) QC",0.0,QC
313,"(3, 3) QC",0.0,QC
313,"(4, 1) QC",0.0,QC
313,"(4, 2) QC",0.0,QC
313,"(4, 3) QC",0.0,QC
314,"(1, 1) QC",1.0,QC
314,"(1, 2) QC",0.0,QC
314,"(1, 3) QC",0.0,QC
314,"(2, 1) QC",0.0,QC
314,"(2, 2) QC",0.0,QC
314,"(2, 3) QC",0.0,QC
314,"(3, 1) QC",0.0,QC
314,"(3, 2) QC",0.0,QC
314,"(3, 3) QC",0.0,QC
314,"(4, 1) QC",0.0,QC
314,"(4, 2) QC",0.0,QC
314,"(4, 3) QC",0.0,QC
315,"(1, 1) QC",0.0,QC
315,"(1, 2) QC",0.0,QC
315,"(1, 3) QC",0.0,QC
315,"(2, 1) QC",0.0,QC
315,"(2, 2) QC",0.0,QC
315,"(2, 3) QC",0.0,QC
315,"(3, 1) QC",0.0,QC
315,"(3, 2) QC",0.0,QC
315,"(3, 3) QC",0.0,QC
315,"(4, 1) QC",1.0,QC
315,"(4, 2) QC",0.0,QC
315,"(4, 3) QC",0.0,QC
316,"(1, 1) QC",0.0,QC
316,"(1, 2) QC",0.0,QC
316,"(1, 3) QC",0.0,QC
316,"(2, 1) QC",0.0,QC
316,"(2, 2) QC",0.0,QC
316,"(2, 3) QC",0.0,QC
316,"(3, 1) QC",0.0,QC
316,"(3, 2) QC",0.0,QC
316,"(3, 3) QC",0.0,QC
316,"(4, 1) QC",1.0,QC
316,"(4, 2) QC",0.0,QC
316,"(4, 3) QC",0.0,QC
317,"(1, 1) QC",0.0,QC
317,"(1, 2) QC",0.0,QC
317,"(1, 3) QC",0.0,QC
317,"(2, 1) QC",0.0,QC
317,"(2, 2) QC",0.0,QC
317,"(2, 3) QC",0.0,QC
317,"(3, 1) QC",0.0,QC
317,"(3, 2) QC",0.0,QC
317,"(3, 3) QC",0.0,QC
317,"(4, 1) QC",1.0,QC
317,"(4, 2) QC",0.0,QC
317,"(4, 3) QC",0.0,QC
318,"(1, 1) QC",0.0,QC
318,"(1, 2) QC",0.0,QC
318,"(1, 3) QC",0.0,QC
318,"(2, 1) QC",0.0,QC
318,"(2, 2) QC",0.0,QC
318,"(2, 3) QC",0.0,QC
318,"(3, 1) QC",0.0,QC
318,"(3, 2) QC",0.0,QC
318,"(3, 3) QC",0.0,QC
318,"(4, 1) QC",1.0,QC
318,"(4, 2) QC",0.0,QC
318,"(4, 3) QC",0.0,QC
319,"(1, 1) QC",0.0,QC
319,"(1, 2) QC",0.0,QC
319,"(1, 3) QC",0.0,QC
319,"(2, 1) QC",0.0,QC
319,"(2, 2) QC",0.0,QC
319,"(2, 3) QC",0.0,QC
319,"(3, 1) QC",1.0,QC
319,"(3, 2) QC",0.0,QC
319,"(3, 3) QC",0.0,QC
319,"(4, 1) QC",0.0,QC
319,"(4, 2) QC",0.0,QC
319,"(4, 3) QC",0.0,QC
320,"(1, 1) QC",1.0,QC
320,"(1, 2) QC",0.0,QC
320,"(1, 3) QC",0.0,QC
320,"(2, 1) QC",0.0,QC
320,"(2, 2) QC",0.0,QC
320,"(2, 3) QC",0.0,QC
320,"(3, 1) QC",0.0,QC
320,"(3, 2) QC",0.0,QC
320,"(3, 3) QC",0.0,QC
320,"(4, 1) QC",0.0,QC
320,"(4, 2) QC",0.0,QC
320,"(4, 3) QC",0.0,QC
321,"(1, 1) QC",1.0,QC
321,"(1, 2) QC",0.0,QC
321,"(1, 3) QC",0.0,QC
321,"(2, 1) QC",0.0,QC
321,"(2, 2) QC",0.0,QC
321,"(2, 3) QC",0.0,QC
321,"(3, 1) QC",0.0,QC
321,"(3, 2) QC",0.0,QC
321,"(3, 3) QC",0.0,QC
321,"(4, 1) QC",0.0,QC
321,"(4, 2) QC",0.0,QC
321,"(4, 3) QC",0.0,QC
322,"(1, 1) QC",1.0,QC
322,"(1, 2) QC",0.0,QC
322,"(1, 3) QC",0.0,QC
322,"(2, 1) QC",0.0,QC
322,"(2, 2) QC",0.0,QC
322,"(2, 3) QC",0.0,QC
322,"(3, 1) QC",0.0,QC
322,"(3, 2) QC",0.0,QC
322,"(3, 3) QC",0.0,QC
322,"(4, 1) QC",0.0,QC
322,"(4, 2) QC",0.0,QC
322,"(4, 3) QC",0.0,QC
323,"(1, 1) QC",1.0,QC
323,"(1, 2) QC",0.0,QC
323,"(1, 3) QC",0.0,QC
323,"(2, 1) QC",0.0,QC
323,"(2, 2) QC",0.0,QC
323,"(2, 3) QC",0.0,QC
323,"(3, 1) QC",0.0,QC
323,"(3, 2) QC",0.0,QC
323,"(3, 3) QC",0.0,QC
323,"(4, 1) QC",0.0,QC
323,"(4, 2) QC",0.0,QC
323,"(4, 3) QC",0.0,QC
324,"(1, 1) SK",0.0,SK
324,"(1, 2) SK",0.0,SK
324,"(1, 3) SK",1.0,SK
324,"(2, 1) SK",0.0,SK
324,"(2, 2) SK",0.0,SK
324,"(2, 3) SK",0.0,SK
324,"(3, 1) SK",0.0,SK
324,"(3, 2) SK",0.0,SK
324,"(3, 3) SK",0.0,SK
324,"(4, 1) SK",0.0,SK
324,"(4, 2) SK",0.0,SK
324,"(4, 3) SK",0.0,SK
325,"(1, 1) SK",0.0,SK
325,"(1, 2) SK",0.0,SK
325,"(1, 3) SK",1.0,SK
325,"(2, 1) SK",0.0,SK
325,"(2, 2) SK",0.0,SK
325,"(2, 3) SK",0.0,SK
325,"(3, 1) SK",0.0,SK
325,"(3, 2) SK",0.0,SK
325,"(3, 3) SK",0.0,SK
325,"(4, 1) SK",0.0,SK
325,"(4, 2) SK",0.0,SK
325,"(4, 3) SK",0.0,SK
326,"(1, 1) SK",0.0,SK
326,"(1, 2) SK",0.0,SK
326,"(1, 3) SK",1.0,SK
326,"(2, 1) SK",0.0,SK
326,"(2, 2) SK",0.0,SK
326,"(2, 3) SK",0.0,SK
326,"(3, 1) SK",0.0,SK
326,"(3, 2) SK",0.0,SK
326,"(3, 3) SK",0.0,SK
326,"(4, 1) SK",0.0,SK
326,"(4, 2) SK",0.0,SK
326,"(4, 3) SK",0.0,SK
327,"(1, 1) SK",0.0,SK
327,"(1, 2) SK",0.0,SK
327,"(1, 3) SK",1.0,SK
327,"(2, 1) SK",0.0,SK
327,"(2, 2) SK",0.0,SK
327,"(2, 3) SK",0.0,SK
327,"(3, 1) SK",0.0,SK
327,"(3, 2) SK",0.0,SK
327,"(3, 3) SK",0.0,SK
327,"(4, 1) SK",0.0,SK
327,"(4, 2) SK",0.0,SK
327,"(4, 3) SK",0.0,SK
328,"(1, 1) SK",0.0,SK
328,"(1, 2) SK",0.0,SK
328,"(1, 3) SK",1.0,SK
328,"(2, 1) SK",0.0,SK
328,"(2, 2) SK",0.0,SK
328,"(2, 3) SK",0.0,SK
328,"(3, 1) SK",0.0,SK
328,"(3, 2) SK",0.0,SK
328,"(3, 3) SK",0.0,SK
328,"(4, 1) SK",0.0,SK
328,"(4, 2) SK",0.0,SK
328,"(4, 3) SK",0.0,SK
329,"(1, 1) SK",0.0,SK
329,"(1, 2) SK",0.0,SK
329,"(1, 3) SK",1.0,SK
329,"(2, 1) SK",0.0,SK
329,"(2, 2) SK",0.0,SK
329,"(2, 3) SK",0.0,SK
329,"(3, 1) SK",0.0,SK
329,"(3, 2) SK",0.0,SK
329,"(3, 3) SK",0.0,SK
329,"(4, 1) SK",0.0,SK
329,"(4, 2) SK",0.0,SK
329,"(4, 3) SK",0.0,SK
330,"(1, 1) SK",0.0,SK
330,"(1, 2) SK",0.0,SK
330,"(1, 3) SK",1.0,SK
330,"(2, 1) SK",0.0,SK
330,"(2, 2) SK",0.0,SK
330,"(2, 3) SK",0.0,SK
330,"(3, 1) SK",0.0,SK
330,"(3, 2) SK",0.0,SK
330,"(3, 3) SK",0.0,SK
330,"(4, 1) SK",0.0,SK
330,"(4, 2) SK",0.0,SK
330,"(4, 3) SK",0.0,SK
331,"(1, 1) SK",0.0,SK
331,"(1, 2) SK",0.0,SK
331,"(1, 3) SK",1.0,SK
331,"(2, 1) SK",0.0,SK
331,"(2, 2) SK",0.0,SK
331,"(2, 3) SK",0.0,SK
331,"(3, 1) SK",0.0,SK
331,"(3, 2) SK",0.0,SK
331,"(3, 3) SK",0.0,SK
331,"(4, 1) SK",0.0,SK
331,"(4, 2) SK",0.0,SK
331,"(4, 3) SK",0.0,SK
332,"(1, 1) SK",0.0,SK
332,"(1, 2) SK",0.0,SK
332,"(1, 3) SK",1.0,SK
332,"(2, 1) SK",0.0,SK
332,"(2, 2) SK",0.0,SK
332,"(2, 3) SK",0.0,SK
332,"(3, 1) SK",0.0,SK
332,"(3, 2) SK",0.0,SK
332,"(3, 3) SK",0.0,SK
332,"(4, 1) SK",0.0,SK
332,"(4, 2) SK",0.0,SK
332,"(4, 3) SK",0.0,SK
333,"(1, 1) SK",0.0,SK
333,"(1, 2) SK",0.0,SK
333,"(1, 3) SK",1.0,SK
333,"(2, 1) SK",0.0,SK
333,"(2, 2) SK",0.0,SK
333,"(2, 3) SK",0.0,SK
333,"(3, 1) SK",0.0,SK
333,"(3, 2) SK",0.0,SK
333,"(3, 3) SK",0.0,SK
333,"(4, 1) SK",0.0,SK
333,"(4, 2) SK",0.0,SK
333,"(4, 3) SK",0.0,SK
